PassengerId,Survived,Pclass,Name,Sex,Age,SibSp,Parch,Ticket,Fare,Embarked,Title,AgeGroup,IsAlone
1,0,3,"Braund, Mr. Owen Harris",1,22.0,1,0,A/5 21171,7.25,S,Mr,Jeune adulte,En famille
2,1,1,"Cumings, Mrs. John Bradley (Florence Briggs Thayer)",0,38.0,1,0,PC 17599,71.2833,C,Mrs,Adulte,En famille
3,1,3,"Heikkinen, Miss. Laina",0,26.0,0,0,STON/O2. 3101282,7.925,S,Miss,Jeune adulte,Seul
4,1,1,"Futrelle, Mrs. Jacques Heath (Lily May Peel)",0,35.0,1,0,113803,53.1,S,Mrs,Jeune adulte,En famille
5,0,3,"Allen, Mr. William Henry",1,35.0,0,0,373450,8.05,S,Mr,Jeune adulte,Seul
6,0,3,"Moran, Mr. James",1,28.0,0,0,330877,8.4583,Q,Mr,Jeune adulte,Seul
7,0,1,"McCarthy, Mr. Timothy J",1,54.0,0,0,17463,51.8625,S,Mr,Senior,Seul
8,0,3,"Palsson, Master. Gosta Leonard",1,2.0,3,1,349909,21.075,S,Master,Enfant,En famille
9,1,3,"Johnson, Mrs. Oscar W (Elisabeth Vilhelmina Berg)",0,27.0,0,2,347742,11.1333,S,Mrs,Jeune adulte,En famille
10,1,2,"Nasser, Mrs. Nicholas (Adele Achem)",0,14.0,1,0,237736,30.0708,C,Mrs,Enfant,En famille
11,1,3,"Sandstrom, Miss. Marguerite Rut",0,4.0,1,1,PP 9549,16.7,S,Miss,Enfant,En famille
12,1,1,"Bonnell, Miss. Elizabeth",0,58.0,0,0,113783,26.55,S,Miss,Senior,Seul
13,0,3,"Saundercock, Mr. William Henry",1,20.0,0,0,A/5. 2151,8.05,S,Mr,Jeune adulte,Seul
14,0,3,"Andersson, Mr. Anders Johan",1,39.0,1,5,347082,31.275,S,Mr,Adulte,En famille
15,0,3,"Vestrom, Miss. Hulda Amanda Adolfina",0,14.0,0,0,350406,7.8542,S,Miss,Enfant,Seul
16,1,2,"Hewlett, Mrs. (Mary D Kingcome) ",0,55.0,0,0,248706,16.0,S,Mrs,Senior,Seul
17,0,3,"Rice, Master. Eugene",1,2.0,4,1,382652,29.125,Q,Master,Enfant,En famille
18,1,2,"Williams, Mr. Charles Eugene",1,28.0,0,0,244373,13.0,S,Mr,Jeune adulte,Seul
19,0,3,"Vander Planke, Mrs. Julius (Emelia Maria Vandemoortele)",0,31.0,1,0,345763,18.0,S,Planke,Jeune adulte,En famille
20,1,3,"Masselmani, Mrs. Fatima",0,28.0,0,0,2649,7.225,C,Mrs,Jeune adulte,Seul
21,0,2,"Fynney, Mr. Joseph J",1,35.0,0,0,239865,26.0,S,Mr,Jeune adulte,Seul
22,1,2,"Beesley, Mr. Lawrence",1,34.0,0,0,248698,13.0,S,Mr,Jeune adulte,Seul
23,1,3,"McGowan, Miss. Anna ""Annie""",0,15.0,0,0,330923,8.0292,Q,Miss,Enfant,Seul
24,1,1,"Sloper, Mr. William Thompson",1,28.0,0,0,113788,35.5,S,Mr,Jeune adulte,Seul
25,0,3,"Palsson, Miss. Torborg Danira",0,8.0,3,1,349909,21.075,S,Miss,Enfant,En famille
26,1,3,"Asplund, Mrs. Carl Oscar (Selma Augusta Emilia Johansson)",0,38.0,1,5,347077,31.3875,S,Mrs,Adulte,En famille
27,0,3,"Emir, Mr. Farred Chehab",1,28.0,0,0,2631,7.225,C,Mr,Jeune adulte,Seul
28,0,1,"Fortune, Mr. Charles Alexander",1,19.0,3,2,19950,263.0,S,Mr,Jeune adulte,En famille
29,1,3,"O'Dwyer, Miss. Ellen ""Nellie""",0,28.0,0,0,330959,7.8792,Q,Miss,Jeune adulte,Seul
30,0,3,"Todoroff, Mr. Lalio",1,28.0,0,0,349216,7.8958,S,Mr,Jeune adulte,Seul
31,0,1,"Uruchurtu, Don. Manuel E",1,40.0,0,0,PC 17601,27.7208,C,Other,Adulte,Seul
32,1,1,"Spencer, Mrs. William Augustus (Marie Eugenie)",0,28.0,1,0,PC 17569,146.5208,C,Mrs,Jeune adulte,En famille
33,1,3,"Glynn, Miss. Mary Agatha",0,28.0,0,0,335677,7.75,Q,Miss,Jeune adulte,Seul
34,0,2,"Wheadon, Mr. Edward H",1,66.0,0,0,C.A. 24579,10.5,S,Mr,Senior,Seul
35,0,1,"Meyer, Mr. Edgar Joseph",1,28.0,1,0,PC 17604,82.1708,C,Mr,Jeune adulte,En famille
36,0,1,"Holverson, Mr. Alexander Oskar",1,42.0,1,0,113789,52.0,S,Mr,Adulte,En famille
37,1,3,"Mamee, Mr. Hanna",1,28.0,0,0,2677,7.2292,C,Mr,Jeune adulte,Seul
38,0,3,"Cann, Mr. Ernest Charles",1,21.0,0,0,A./5. 2152,8.05,S,Mr,Jeune adulte,Seul
39,0,3,"Vander Planke, Miss. Augusta Maria",0,18.0,2,0,345764,18.0,S,Planke,Enfant,En famille
40,1,3,"Nicola-Yarred, Miss. Jamila",0,14.0,1,0,2651,11.2417,C,Miss,Enfant,En famille
41,0,3,"Ahlin, Mrs. Johan (Johanna Persdotter Larsson)",0,40.0,1,0,7546,9.475,S,Mrs,Adulte,En famille
42,0,2,"Turpin, Mrs. William John Robert (Dorothy Ann Wonnacott)",0,27.0,1,0,11668,21.0,S,Mrs,Jeune adulte,En famille
43,0,3,"Kraeff, Mr. Theodor",1,28.0,0,0,349253,7.8958,C,Mr,Jeune adulte,Seul
44,1,2,"Laroche, Miss. Simonne Marie Anne Andree",0,3.0,1,2,SC/Paris 2123,41.5792,C,Miss,Enfant,En famille
45,1,3,"Devaney, Miss. Margaret Delia",0,19.0,0,0,330958,7.8792,Q,Miss,Jeune adulte,Seul
46,0,3,"Rogers, Mr. William John",1,28.0,0,0,S.C./A.4. 23567,8.05,S,Mr,Jeune adulte,Seul
47,0,3,"Lennon, Mr. Denis",1,28.0,1,0,370371,15.5,Q,Mr,Jeune adulte,En famille
48,1,3,"O'Driscoll, Miss. Bridget",0,28.0,0,0,14311,7.75,Q,Miss,Jeune adulte,Seul
49,0,3,"Samaan, Mr. Youssef",1,28.0,2,0,2662,21.6792,C,Mr,Jeune adulte,En famille
50,0,3,"Arnold-Franchi, Mrs. Josef (Josefine Franchi)",0,18.0,1,0,349237,17.8,S,Mrs,Enfant,En famille
51,0,3,"Panula, Master. Juha Niilo",1,7.0,4,1,3101295,39.6875,S,Master,Enfant,En famille
52,0,3,"Nosworthy, Mr. Richard Cater",1,21.0,0,0,A/4. 39886,7.8,S,Mr,Jeune adulte,Seul
53,1,1,"Harper, Mrs. Henry Sleeper (Myna Haxtun)",0,49.0,1,0,PC 17572,76.7292,C,Mrs,Adulte,En famille
54,1,2,"Faunthorpe, Mrs. Lizzie (Elizabeth Anne Wilkinson)",0,29.0,1,0,2926,26.0,S,Mrs,Jeune adulte,En famille
55,0,1,"Ostby, Mr. Engelhart Cornelius",1,65.0,0,1,113509,61.9792,C,Mr,Senior,En famille
56,1,1,"Woolner, Mr. Hugh",1,28.0,0,0,19947,35.5,S,Mr,Jeune adulte,Seul
57,1,2,"Rugg, Miss. Emily",0,21.0,0,0,C.A. 31026,10.5,S,Miss,Jeune adulte,Seul
58,0,3,"Novel, Mr. Mansouer",1,28.5,0,0,2697,7.2292,C,Mr,Jeune adulte,Seul
59,1,2,"West, Miss. Constance Mirium",0,5.0,1,2,C.A. 34651,27.75,S,Miss,Enfant,En famille
60,0,3,"Goodwin, Master. William Frederick",1,11.0,5,2,CA 2144,46.9,S,Master,Enfant,En famille
61,0,3,"Sirayanian, Mr. Orsen",1,22.0,0,0,2669,7.2292,C,Mr,Jeune adulte,Seul
62,1,1,"Icard, Miss. Amelie",0,38.0,0,0,113572,80.0,S,Miss,Adulte,Seul
63,0,1,"Harris, Mr. Henry Birkhardt",1,45.0,1,0,36973,83.475,S,Mr,Adulte,En famille
64,0,3,"Skoog, Master. Harald",1,4.0,3,2,347088,27.9,S,Master,Enfant,En famille
65,0,1,"Stewart, Mr. Albert A",1,28.0,0,0,PC 17605,27.7208,C,Mr,Jeune adulte,Seul
66,1,3,"Moubarek, Master. Gerios",1,28.0,1,1,2661,15.2458,C,Master,Jeune adulte,En famille
67,1,2,"Nye, Mrs. (Elizabeth Ramell)",0,29.0,0,0,C.A. 29395,10.5,S,Mrs,Jeune adulte,Seul
68,0,3,"Crease, Mr. Ernest James",1,19.0,0,0,S.P. 3464,8.1583,S,Mr,Jeune adulte,Seul
69,1,3,"Andersson, Miss. Erna Alexandra",0,17.0,4,2,3101281,7.925,S,Miss,Enfant,En famille
70,0,3,"Kink, Mr. Vincenz",1,26.0,2,0,315151,8.6625,S,Mr,Jeune adulte,En famille
71,0,2,"Jenkin, Mr. Stephen Curnow",1,32.0,0,0,C.A. 33111,10.5,S,Mr,Jeune adulte,Seul
72,0,3,"Goodwin, Miss. Lillian Amy",0,16.0,5,2,CA 2144,46.9,S,Miss,Enfant,En famille
73,0,2,"Hood, Mr. Ambrose Jr",1,21.0,0,0,S.O.C. 14879,73.5,S,Mr,Jeune adulte,Seul
74,0,3,"Chronopoulos, Mr. Apostolos",1,26.0,1,0,2680,14.4542,C,Mr,Jeune adulte,En famille
75,1,3,"Bing, Mr. Lee",1,32.0,0,0,1601,56.4958,S,Mr,Jeune adulte,Seul
76,0,3,"Moen, Mr. Sigurd Hansen",1,25.0,0,0,348123,7.65,S,Mr,Jeune adulte,Seul
77,0,3,"Staneff, Mr. Ivan",1,28.0,0,0,349208,7.8958,S,Mr,Jeune adulte,Seul
78,0,3,"Moutal, Mr. Rahamin Haim",1,28.0,0,0,374746,8.05,S,Mr,Jeune adulte,Seul
79,1,2,"Caldwell, Master. Alden Gates",1,0.83,0,2,248738,29.0,S,Master,Enfant,En famille
80,1,3,"Dowdell, Miss. Elizabeth",0,30.0,0,0,364516,12.475,S,Miss,Jeune adulte,Seul
81,0,3,"Waelens, Mr. Achille",1,22.0,0,0,345767,9.0,S,Mr,Jeune adulte,Seul
82,1,3,"Sheerlinck, Mr. Jan Baptist",1,29.0,0,0,345779,9.5,S,Mr,Jeune adulte,Seul
83,1,3,"McDermott, Miss. Brigdet Delia",0,28.0,0,0,330932,7.7875,Q,Miss,Jeune adulte,Seul
84,0,1,"Carrau, Mr. Francisco M",1,28.0,0,0,113059,47.1,S,Mr,Jeune adulte,Seul
85,1,2,"Ilett, Miss. Bertha",0,17.0,0,0,SO/C 14885,10.5,S,Miss,Enfant,Seul
86,1,3,"Backstrom, Mrs. Karl Alfred (Maria Mathilda Gustafsson)",0,33.0,3,0,3101278,15.85,S,Mrs,Jeune adulte,En famille
87,0,3,"Ford, Mr. William Neal",1,16.0,1,3,W./C. 6608,34.375,S,Mr,Enfant,En famille
88,0,3,"Slocovski, Mr. Selman Francis",1,28.0,0,0,SOTON/OQ 392086,8.05,S,Mr,Jeune adulte,Seul
89,1,1,"Fortune, Miss. Mabel Helen",0,23.0,3,2,19950,263.0,S,Miss,Jeune adulte,En famille
90,0,3,"Celotti, Mr. Francesco",1,24.0,0,0,343275,8.05,S,Mr,Jeune adulte,Seul
91,0,3,"Christmann, Mr. Emil",1,29.0,0,0,343276,8.05,S,Mr,Jeune adulte,Seul
92,0,3,"Andreasson, Mr. Paul Edvin",1,20.0,0,0,347466,7.8542,S,Mr,Jeune adulte,Seul
93,0,1,"Chaffee, Mr. Herbert Fuller",1,46.0,1,0,W.E.P. 5734,61.175,S,Mr,Adulte,En famille
94,0,3,"Dean, Mr. Bertram Frank",1,26.0,1,2,C.A. 2315,20.575,S,Mr,Jeune adulte,En famille
95,0,3,"Coxon, Mr. Daniel",1,59.0,0,0,364500,7.25,S,Mr,Senior,Seul
96,0,3,"Shorney, Mr. Charles Joseph",1,28.0,0,0,374910,8.05,S,Mr,Jeune adulte,Seul
97,0,1,"Goldschmidt, Mr. George B",1,71.0,0,0,PC 17754,34.6542,C,Mr,Senior,Seul
98,1,1,"Greenfield, Mr. William Bertram",1,23.0,0,1,PC 17759,63.3583,C,Mr,Jeune adulte,En famille
99,1,2,"Doling, Mrs. John T (Ada Julia Bone)",0,34.0,0,1,231919,23.0,S,Mrs,Jeune adulte,En famille
100,0,2,"Kantor, Mr. Sinai",1,34.0,1,0,244367,26.0,S,Mr,Jeune adulte,En famille
101,0,3,"Petranec, Miss. Matilda",0,28.0,0,0,349245,7.8958,S,Miss,Jeune adulte,Seul
102,0,3,"Petroff, Mr. Pastcho (""Pentcho"")",1,28.0,0,0,349215,7.8958,S,Mr,Jeune adulte,Seul
103,0,1,"White, Mr. Richard Frasar",1,21.0,0,1,35281,77.2875,S,Mr,Jeune adulte,En famille
104,0,3,"Johansson, Mr. Gustaf Joel",1,33.0,0,0,7540,8.6542,S,Mr,Jeune adulte,Seul
105,0,3,"Gustafsson, Mr. Anders Vilhelm",1,37.0,2,0,3101276,7.925,S,Mr,Adulte,En famille
106,0,3,"Mionoff, Mr. Stoytcho",1,28.0,0,0,349207,7.8958,S,Mr,Jeune adulte,Seul
107,1,3,"Salkjelsvik, Miss. Anna Kristine",0,21.0,0,0,343120,7.65,S,Miss,Jeune adulte,Seul
108,1,3,"Moss, Mr. Albert Johan",1,28.0,0,0,312991,7.775,S,Mr,Jeune adulte,Seul
109,0,3,"Rekic, Mr. Tido",1,38.0,0,0,349249,7.8958,S,Mr,Adulte,Seul
110,1,3,"Moran, Miss. Bertha",0,28.0,1,0,371110,24.15,Q,Miss,Jeune adulte,En famille
111,0,1,"Porter, Mr. Walter Chamberlain",1,47.0,0,0,110465,52.0,S,Mr,Adulte,Seul
112,0,3,"Zabour, Miss. Hileni",0,14.5,1,0,2665,14.4542,C,Miss,Enfant,En famille
113,0,3,"Barton, Mr. David John",1,22.0,0,0,324669,8.05,S,Mr,Jeune adulte,Seul
114,0,3,"Jussila, Miss. Katriina",0,20.0,1,0,4136,9.825,S,Miss,Jeune adulte,En famille
115,0,3,"Attalah, Miss. Malake",0,17.0,0,0,2627,14.4583,C,Miss,Enfant,Seul
116,0,3,"Pekoniemi, Mr. Edvard",1,21.0,0,0,STON/O 2. 3101294,7.925,S,Mr,Jeune adulte,Seul
117,0,3,"Connors, Mr. Patrick",1,70.5,0,0,370369,7.75,Q,Mr,Senior,Seul
118,0,2,"Turpin, Mr. William John Robert",1,29.0,1,0,11668,21.0,S,Mr,Jeune adulte,En famille
119,0,1,"Baxter, Mr. Quigg Edmond",1,24.0,0,1,PC 17558,247.5208,C,Mr,Jeune adulte,En famille
120,0,3,"Andersson, Miss. Ellis Anna Maria",0,2.0,4,2,347082,31.275,S,Miss,Enfant,En famille
121,0,2,"Hickman, Mr. Stanley George",1,21.0,2,0,S.O.C. 14879,73.5,S,Mr,Jeune adulte,En famille
122,0,3,"Moore, Mr. Leonard Charles",1,28.0,0,0,A4. 54510,8.05,S,Mr,Jeune adulte,Seul
123,0,2,"Nasser, Mr. Nicholas",1,32.5,1,0,237736,30.0708,C,Mr,Jeune adulte,En famille
124,1,2,"Webber, Miss. Susan",0,32.5,0,0,27267,13.0,S,Miss,Jeune adulte,Seul
125,0,1,"White, Mr. Percival Wayland",1,54.0,0,1,35281,77.2875,S,Mr,Senior,En famille
126,1,3,"Nicola-Yarred, Master. Elias",1,12.0,1,0,2651,11.2417,C,Master,Enfant,En famille
127,0,3,"McMahon, Mr. Martin",1,28.0,0,0,370372,7.75,Q,Mr,Jeune adulte,Seul
128,1,3,"Madsen, Mr. Fridtjof Arne",1,24.0,0,0,C 17369,7.1417,S,Mr,Jeune adulte,Seul
129,1,3,"Peter, Miss. Anna",0,28.0,1,1,2668,22.3583,C,Miss,Jeune adulte,En famille
130,0,3,"Ekstrom, Mr. Johan",1,45.0,0,0,347061,6.975,S,Mr,Adulte,Seul
131,0,3,"Drazenoic, Mr. Jozef",1,33.0,0,0,349241,7.8958,C,Mr,Jeune adulte,Seul
132,0,3,"Coelho, Mr. Domingos Fernandeo",1,20.0,0,0,SOTON/O.Q. 3101307,7.05,S,Mr,Jeune adulte,Seul
133,0,3,"Robins, Mrs. Alexander A (Grace Charity Laury)",0,47.0,1,0,A/5. 3337,14.5,S,Mrs,Adulte,En famille
134,1,2,"Weisz, Mrs. Leopold (Mathilde Francoise Pede)",0,29.0,1,0,228414,26.0,S,Mrs,Jeune adulte,En famille
135,0,2,"Sobey, Mr. Samuel James Hayden",1,25.0,0,0,C.A. 29178,13.0,S,Mr,Jeune adulte,Seul
136,0,2,"Richard, Mr. Emile",1,23.0,0,0,SC/PARIS 2133,15.0458,C,Mr,Jeune adulte,Seul
137,1,1,"Newsom, Miss. Helen Monypeny",0,19.0,0,2,11752,26.2833,S,Miss,Jeune adulte,En famille
138,0,1,"Futrelle, Mr. Jacques Heath",1,37.0,1,0,113803,53.1,S,Mr,Adulte,En famille
139,0,3,"Osen, Mr. Olaf Elon",1,16.0,0,0,7534,9.2167,S,Mr,Enfant,Seul
140,0,1,"Giglio, Mr. Victor",1,24.0,0,0,PC 17593,79.2,C,Mr,Jeune adulte,Seul
141,0,3,"Boulos, Mrs. Joseph (Sultana)",0,28.0,0,2,2678,15.2458,C,Mrs,Jeune adulte,En famille
142,1,3,"Nysten, Miss. Anna Sofia",0,22.0,0,0,347081,7.75,S,Miss,Jeune adulte,Seul
143,1,3,"Hakkarainen, Mrs. Pekka Pietari (Elin Matilda Dolck)",0,24.0,1,0,STON/O2. 3101279,15.85,S,Mrs,Jeune adulte,En famille
144,0,3,"Burke, Mr. Jeremiah",1,19.0,0,0,365222,6.75,Q,Mr,Jeune adulte,Seul
145,0,2,"Andrew, Mr. Edgardo Samuel",1,18.0,0,0,231945,11.5,S,Mr,Enfant,Seul
146,0,2,"Nicholls, Mr. Joseph Charles",1,19.0,1,1,C.A. 33112,36.75,S,Mr,Jeune adulte,En famille
147,1,3,"Andersson, Mr. August Edvard (""Wennerstrom"")",1,27.0,0,0,350043,7.7958,S,Mr,Jeune adulte,Seul
148,0,3,"Ford, Miss. Robina Maggie ""Ruby""",0,9.0,2,2,W./C. 6608,34.375,S,Miss,Enfant,En famille
149,0,2,"Navratil, Mr. Michel (""Louis M Hoffman"")",1,36.5,0,2,230080,26.0,S,Mr,Adulte,En famille
150,0,2,"Byles, Rev. Thomas Roussel Davids",1,42.0,0,0,244310,13.0,S,Other,Adulte,Seul
151,0,2,"Bateman, Rev. Robert James",1,51.0,0,0,S.O.P. 1166,12.525,S,Other,Senior,Seul
152,1,1,"Pears, Mrs. Thomas (Edith Wearne)",0,22.0,1,0,113776,66.6,S,Mrs,Jeune adulte,En famille
153,0,3,"Meo, Mr. Alfonzo",1,55.5,0,0,A.5. 11206,8.05,S,Mr,Senior,Seul
154,0,3,"van Billiard, Mr. Austin Blyler",1,40.5,0,2,A/5. 851,14.5,S,Billiard,Adulte,En famille
155,0,3,"Olsen, Mr. Ole Martin",1,28.0,0,0,Fa 265302,7.3125,S,Mr,Jeune adulte,Seul
156,0,1,"Williams, Mr. Charles Duane",1,51.0,0,1,PC 17597,61.3792,C,Mr,Senior,En famille
157,1,3,"Gilnagh, Miss. Katherine ""Katie""",0,16.0,0,0,35851,7.7333,Q,Miss,Enfant,Seul
158,0,3,"Corn, Mr. Harry",1,30.0,0,0,SOTON/OQ 392090,8.05,S,Mr,Jeune adulte,Seul
159,0,3,"Smiljanic, Mr. Mile",1,28.0,0,0,315037,8.6625,S,Mr,Jeune adulte,Seul
160,0,3,"Sage, Master. Thomas Henry",1,28.0,8,2,CA. 2343,69.55,S,Master,Jeune adulte,En famille
161,0,3,"Cribb, Mr. John Hatfield",1,44.0,0,1,371362,16.1,S,Mr,Adulte,En famille
162,1,2,"Watt, Mrs. James (Elizabeth ""Bessie"" Inglis Milne)",0,40.0,0,0,C.A. 33595,15.75,S,Mrs,Adulte,Seul
163,0,3,"Bengtsson, Mr. John Viktor",1,26.0,0,0,347068,7.775,S,Mr,Jeune adulte,Seul
164,0,3,"Calic, Mr. Jovo",1,17.0,0,0,315093,8.6625,S,Mr,Enfant,Seul
165,0,3,"Panula, Master. Eino Viljami",1,1.0,4,1,3101295,39.6875,S,Master,Enfant,En famille
166,1,3,"Goldsmith, Master. Frank John William ""Frankie""",1,9.0,0,2,363291,20.525,S,Master,Enfant,En famille
167,1,1,"Chibnall, Mrs. (Edith Martha Bowerman)",0,28.0,0,1,113505,55.0,S,Mrs,Jeune adulte,En famille
168,0,3,"Skoog, Mrs. William (Anna Bernhardina Karlsson)",0,45.0,1,4,347088,27.9,S,Mrs,Adulte,En famille
169,0,1,"Baumann, Mr. John D",1,28.0,0,0,PC 17318,25.925,S,Mr,Jeune adulte,Seul
170,0,3,"Ling, Mr. Lee",1,28.0,0,0,1601,56.4958,S,Mr,Jeune adulte,Seul
171,0,1,"Van der hoef, Mr. Wyckoff",1,61.0,0,0,111240,33.5,S,der,Senior,Seul
172,0,3,"Rice, Master. Arthur",1,4.0,4,1,382652,29.125,Q,Master,Enfant,En famille
173,1,3,"Johnson, Miss. Eleanor Ileen",0,1.0,1,1,347742,11.1333,S,Miss,Enfant,En famille
174,0,3,"Sivola, Mr. Antti Wilhelm",1,21.0,0,0,STON/O 2. 3101280,7.925,S,Mr,Jeune adulte,Seul
175,0,1,"Smith, Mr. James Clinch",1,56.0,0,0,17764,30.6958,C,Mr,Senior,Seul
176,0,3,"Klasen, Mr. Klas Albin",1,18.0,1,1,350404,7.8542,S,Mr,Enfant,En famille
177,0,3,"Lefebre, Master. Henry Forbes",1,28.0,3,1,4133,25.4667,S,Master,Jeune adulte,En famille
178,0,1,"Isham, Miss. Ann Elizabeth",0,50.0,0,0,PC 17595,28.7125,C,Miss,Adulte,Seul
179,0,2,"Hale, Mr. Reginald",1,30.0,0,0,250653,13.0,S,Mr,Jeune adulte,Seul
180,0,3,"Leonard, Mr. Lionel",1,36.0,0,0,LINE,0.0,S,Mr,Adulte,Seul
181,0,3,"Sage, Miss. Constance Gladys",0,28.0,8,2,CA. 2343,69.55,S,Miss,Jeune adulte,En famille
182,0,2,"Pernot, Mr. Rene",1,28.0,0,0,SC/PARIS 2131,15.05,C,Mr,Jeune adulte,Seul
183,0,3,"Asplund, Master. Clarence Gustaf Hugo",1,9.0,4,2,347077,31.3875,S,Master,Enfant,En famille
184,1,2,"Becker, Master. Richard F",1,1.0,2,1,230136,39.0,S,Master,Enfant,En famille
185,1,3,"Kink-Heilmann, Miss. Luise Gretchen",0,4.0,0,2,315153,22.025,S,Miss,Enfant,En famille
186,0,1,"Rood, Mr. Hugh Roscoe",1,28.0,0,0,113767,50.0,S,Mr,Jeune adulte,Seul
187,1,3,"O'Brien, Mrs. Thomas (Johanna ""Hannah"" Godfrey)",0,28.0,1,0,370365,15.5,Q,Mrs,Jeune adulte,En famille
188,1,1,"Romaine, Mr. Charles Hallace (""Mr C Rolmane"")",1,45.0,0,0,111428,26.55,S,Mr,Adulte,Seul
189,0,3,"Bourke, Mr. John",1,40.0,1,1,364849,15.5,Q,Mr,Adulte,En famille
190,0,3,"Turcin, Mr. Stjepan",1,36.0,0,0,349247,7.8958,S,Mr,Adulte,Seul
191,1,2,"Pinsky, Mrs. (Rosa)",0,32.0,0,0,234604,13.0,S,Mrs,Jeune adulte,Seul
192,0,2,"Carbines, Mr. William",1,19.0,0,0,28424,13.0,S,Mr,Jeune adulte,Seul
193,1,3,"Andersen-Jensen, Miss. Carla Christine Nielsine",0,19.0,1,0,350046,7.8542,S,Miss,Jeune adulte,En famille
194,1,2,"Navratil, Master. Michel M",1,3.0,1,1,230080,26.0,S,Master,Enfant,En famille
195,1,1,"Brown, Mrs. James Joseph (Margaret Tobin)",0,44.0,0,0,PC 17610,27.7208,C,Mrs,Adulte,Seul
196,1,1,"Lurette, Miss. Elise",0,58.0,0,0,PC 17569,146.5208,C,Miss,Senior,Seul
197,0,3,"Mernagh, Mr. Robert",1,28.0,0,0,368703,7.75,Q,Mr,Jeune adulte,Seul
198,0,3,"Olsen, Mr. Karl Siegwart Andreas",1,42.0,0,1,4579,8.4042,S,Mr,Adulte,En famille
199,1,3,"Madigan, Miss. Margaret ""Maggie""",0,28.0,0,0,370370,7.75,Q,Miss,Jeune adulte,Seul
200,0,2,"Yrois, Miss. Henriette (""Mrs Harbeck"")",0,24.0,0,0,248747,13.0,S,Miss,Jeune adulte,Seul
201,0,3,"Vande Walle, Mr. Nestor Cyriel",1,28.0,0,0,345770,9.5,S,Walle,Jeune adulte,Seul
202,0,3,"Sage, Mr. Frederick",1,28.0,8,2,CA. 2343,69.55,S,Mr,Jeune adulte,En famille
203,0,3,"Johanson, Mr. Jakob Alfred",1,34.0,0,0,3101264,6.4958,S,Mr,Jeune adulte,Seul
204,0,3,"Youseff, Mr. Gerious",1,45.5,0,0,2628,7.225,C,Mr,Adulte,Seul
205,1,3,"Cohen, Mr. Gurshon ""Gus""",1,18.0,0,0,A/5 3540,8.05,S,Mr,Enfant,Seul
206,0,3,"Strom, Miss. Telma Matilda",0,2.0,0,1,347054,10.4625,S,Miss,Enfant,En famille
207,0,3,"Backstrom, Mr. Karl Alfred",1,32.0,1,0,3101278,15.85,S,Mr,Jeune adulte,En famille
208,1,3,"Albimona, Mr. Nassef Cassem",1,26.0,0,0,2699,18.7875,C,Mr,Jeune adulte,Seul
209,1,3,"Carr, Miss. Helen ""Ellen""",0,16.0,0,0,367231,7.75,Q,Miss,Enfant,Seul
210,1,1,"Blank, Mr. Henry",1,40.0,0,0,112277,31.0,C,Mr,Adulte,Seul
211,0,3,"Ali, Mr. Ahmed",1,24.0,0,0,SOTON/O.Q. 3101311,7.05,S,Mr,Jeune adulte,Seul
212,1,2,"Cameron, Miss. Clear Annie",0,35.0,0,0,F.C.C. 13528,21.0,S,Miss,Jeune adulte,Seul
213,0,3,"Perkin, Mr. John Henry",1,22.0,0,0,A/5 21174,7.25,S,Mr,Jeune adulte,Seul
214,0,2,"Givard, Mr. Hans Kristensen",1,30.0,0,0,250646,13.0,S,Mr,Jeune adulte,Seul
215,0,3,"Kiernan, Mr. Philip",1,28.0,1,0,367229,7.75,Q,Mr,Jeune adulte,En famille
216,1,1,"Newell, Miss. Madeleine",0,31.0,1,0,35273,113.275,C,Miss,Jeune adulte,En famille
217,1,3,"Honkanen, Miss. Eliina",0,27.0,0,0,STON/O2. 3101283,7.925,S,Miss,Jeune adulte,Seul
218,0,2,"Jacobsohn, Mr. Sidney Samuel",1,42.0,1,0,243847,27.0,S,Mr,Adulte,En famille
219,1,1,"Bazzani, Miss. Albina",0,32.0,0,0,11813,76.2917,C,Miss,Jeune adulte,Seul
220,0,2,"Harris, Mr. Walter",1,30.0,0,0,W/C 14208,10.5,S,Mr,Jeune adulte,Seul
221,1,3,"Sunderland, Mr. Victor Francis",1,16.0,0,0,SOTON/OQ 392089,8.05,S,Mr,Enfant,Seul
222,0,2,"Bracken, Mr. James H",1,27.0,0,0,220367,13.0,S,Mr,Jeune adulte,Seul
223,0,3,"Green, Mr. George Henry",1,51.0,0,0,21440,8.05,S,Mr,Senior,Seul
224,0,3,"Nenkoff, Mr. Christo",1,28.0,0,0,349234,7.8958,S,Mr,Jeune adulte,Seul
225,1,1,"Hoyt, Mr. Frederick Maxfield",1,38.0,1,0,19943,90.0,S,Mr,Adulte,En famille
226,0,3,"Berglund, Mr. Karl Ivar Sven",1,22.0,0,0,PP 4348,9.35,S,Mr,Jeune adulte,Seul
227,1,2,"Mellors, Mr. William John",1,19.0,0,0,SW/PP 751,10.5,S,Mr,Jeune adulte,Seul
228,0,3,"Lovell, Mr. John Hall (""Henry"")",1,20.5,0,0,A/5 21173,7.25,S,Mr,Jeune adulte,Seul
229,0,2,"Fahlstrom, Mr. Arne Jonas",1,18.0,0,0,236171,13.0,S,Mr,Enfant,Seul
230,0,3,"Lefebre, Miss. Mathilde",0,28.0,3,1,4133,25.4667,S,Miss,Jeune adulte,En famille
231,1,1,"Harris, Mrs. Henry Birkhardt (Irene Wallach)",0,35.0,1,0,36973,83.475,S,Mrs,Jeune adulte,En famille
232,0,3,"Larsson, Mr. Bengt Edvin",1,29.0,0,0,347067,7.775,S,Mr,Jeune adulte,Seul
233,0,2,"Sjostedt, Mr. Ernst Adolf",1,59.0,0,0,237442,13.5,S,Mr,Senior,Seul
234,1,3,"Asplund, Miss. Lillian Gertrud",0,5.0,4,2,347077,31.3875,S,Miss,Enfant,En famille
235,0,2,"Leyson, Mr. Robert William Norman",1,24.0,0,0,C.A. 29566,10.5,S,Mr,Jeune adulte,Seul
236,0,3,"Harknett, Miss. Alice Phoebe",0,28.0,0,0,W./C. 6609,7.55,S,Miss,Jeune adulte,Seul
237,0,2,"Hold, Mr. Stephen",1,44.0,1,0,26707,26.0,S,Mr,Adulte,En famille
238,1,2,"Collyer, Miss. Marjorie ""Lottie""",0,8.0,0,2,C.A. 31921,26.25,S,Miss,Enfant,En famille
239,0,2,"Pengelly, Mr. Frederick William",1,19.0,0,0,28665,10.5,S,Mr,Jeune adulte,Seul
240,0,2,"Hunt, Mr. George Henry",1,33.0,0,0,SCO/W 1585,12.275,S,Mr,Jeune adulte,Seul
241,0,3,"Zabour, Miss. Thamine",0,28.0,1,0,2665,14.4542,C,Miss,Jeune adulte,En famille
242,1,3,"Murphy, Miss. Katherine ""Kate""",0,28.0,1,0,367230,15.5,Q,Miss,Jeune adulte,En famille
243,0,2,"Coleridge, Mr. Reginald Charles",1,29.0,0,0,W./C. 14263,10.5,S,Mr,Jeune adulte,Seul
244,0,3,"Maenpaa, Mr. Matti Alexanteri",1,22.0,0,0,STON/O 2. 3101275,7.125,S,Mr,Jeune adulte,Seul
245,0,3,"Attalah, Mr. Sleiman",1,30.0,0,0,2694,7.225,C,Mr,Jeune adulte,Seul
246,0,1,"Minahan, Dr. William Edward",1,44.0,2,0,19928,90.0,Q,Other,Adulte,En famille
247,0,3,"Lindahl, Miss. Agda Thorilda Viktoria",0,25.0,0,0,347071,7.775,S,Miss,Jeune adulte,Seul
248,1,2,"Hamalainen, Mrs. William (Anna)",0,24.0,0,2,250649,14.5,S,Mrs,Jeune adulte,En famille
249,1,1,"Beckwith, Mr. Richard Leonard",1,37.0,1,1,11751,52.5542,S,Mr,Adulte,En famille
250,0,2,"Carter, Rev. Ernest Courtenay",1,54.0,1,0,244252,26.0,S,Other,Senior,En famille
251,0,3,"Reed, Mr. James George",1,28.0,0,0,362316,7.25,S,Mr,Jeune adulte,Seul
252,0,3,"Strom, Mrs. Wilhelm (Elna Matilda Persson)",0,29.0,1,1,347054,10.4625,S,Mrs,Jeune adulte,En famille
253,0,1,"Stead, Mr. William Thomas",1,62.0,0,0,113514,26.55,S,Mr,Senior,Seul
254,0,3,"Lobb, Mr. William Arthur",1,30.0,1,0,A/5. 3336,16.1,S,Mr,Jeune adulte,En famille
255,0,3,"Rosblom, Mrs. Viktor (Helena Wilhelmina)",0,41.0,0,2,370129,20.2125,S,Mrs,Adulte,En famille
256,1,3,"Touma, Mrs. Darwis (Hanne Youssef Razi)",0,29.0,0,2,2650,15.2458,C,Mrs,Jeune adulte,En famille
257,1,1,"Thorne, Mrs. Gertrude Maybelle",0,28.0,0,0,PC 17585,79.2,C,Mrs,Jeune adulte,Seul
258,1,1,"Cherry, Miss. Gladys",0,30.0,0,0,110152,86.5,S,Miss,Jeune adulte,Seul
259,1,1,"Ward, Miss. Anna",0,35.0,0,0,PC 17755,512.3292,C,Miss,Jeune adulte,Seul
260,1,2,"Parrish, Mrs. (Lutie Davis)",0,50.0,0,1,230433,26.0,S,Mrs,Adulte,En famille
261,0,3,"Smith, Mr. Thomas",1,28.0,0,0,384461,7.75,Q,Mr,Jeune adulte,Seul
262,1,3,"Asplund, Master. Edvin Rojj Felix",1,3.0,4,2,347077,31.3875,S,Master,Enfant,En famille
263,0,1,"Taussig, Mr. Emil",1,52.0,1,1,110413,79.65,S,Mr,Senior,En famille
264,0,1,"Harrison, Mr. William",1,40.0,0,0,112059,0.0,S,Mr,Adulte,Seul
265,0,3,"Henry, Miss. Delia",0,28.0,0,0,382649,7.75,Q,Miss,Jeune adulte,Seul
266,0,2,"Reeves, Mr. David",1,36.0,0,0,C.A. 17248,10.5,S,Mr,Adulte,Seul
267,0,3,"Panula, Mr. Ernesti Arvid",1,16.0,4,1,3101295,39.6875,S,Mr,Enfant,En famille
268,1,3,"Persson, Mr. Ernst Ulrik",1,25.0,1,0,347083,7.775,S,Mr,Jeune adulte,En famille
269,1,1,"Graham, Mrs. William Thompson (Edith Junkins)",0,58.0,0,1,PC 17582,153.4625,S,Mrs,Senior,En famille
270,1,1,"Bissette, Miss. Amelia",0,35.0,0,0,PC 17760,135.6333,S,Miss,Jeune adulte,Seul
271,0,1,"Cairns, Mr. Alexander",1,28.0,0,0,113798,31.0,S,Mr,Jeune adulte,Seul
272,1,3,"Tornquist, Mr. William Henry",1,25.0,0,0,LINE,0.0,S,Mr,Jeune adulte,Seul
273,1,2,"Mellinger, Mrs. (Elizabeth Anne Maidment)",0,41.0,0,1,250644,19.5,S,Mrs,Adulte,En famille
274,0,1,"Natsch, Mr. Charles H",1,37.0,0,1,PC 17596,29.7,C,Mr,Adulte,En famille
275,1,3,"Healy, Miss. Hanora ""Nora""",0,28.0,0,0,370375,7.75,Q,Miss,Jeune adulte,Seul
276,1,1,"Andrews, Miss. Kornelia Theodosia",0,63.0,1,0,13502,77.9583,S,Miss,Senior,En famille
277,0,3,"Lindblom, Miss. Augusta Charlotta",0,45.0,0,0,347073,7.75,S,Miss,Adulte,Seul
278,0,2,"Parkes, Mr. Francis ""Frank""",1,28.0,0,0,239853,0.0,S,Mr,Jeune adulte,Seul
279,0,3,"Rice, Master. Eric",1,7.0,4,1,382652,29.125,Q,Master,Enfant,En famille
280,1,3,"Abbott, Mrs. Stanton (Rosa Hunt)",0,35.0,1,1,C.A. 2673,20.25,S,Mrs,Jeune adulte,En famille
281,0,3,"Duane, Mr. Frank",1,65.0,0,0,336439,7.75,Q,Mr,Senior,Seul
282,0,3,"Olsson, Mr. Nils Johan Goransson",1,28.0,0,0,347464,7.8542,S,Mr,Jeune adulte,Seul
283,0,3,"de Pelsmaeker, Mr. Alfons",1,16.0,0,0,345778,9.5,S,Pelsmaeker,Enfant,Seul
284,1,3,"Dorking, Mr. Edward Arthur",1,19.0,0,0,A/5. 10482,8.05,S,Mr,Jeune adulte,Seul
285,0,1,"Smith, Mr. Richard William",1,28.0,0,0,113056,26.0,S,Mr,Jeune adulte,Seul
286,0,3,"Stankovic, Mr. Ivan",1,33.0,0,0,349239,8.6625,C,Mr,Jeune adulte,Seul
287,1,3,"de Mulder, Mr. Theodore",1,30.0,0,0,345774,9.5,S,Mulder,Jeune adulte,Seul
288,0,3,"Naidenoff, Mr. Penko",1,22.0,0,0,349206,7.8958,S,Mr,Jeune adulte,Seul
289,1,2,"Hosono, Mr. Masabumi",1,42.0,0,0,237798,13.0,S,Mr,Adulte,Seul
290,1,3,"Connolly, Miss. Kate",0,22.0,0,0,370373,7.75,Q,Miss,Jeune adulte,Seul
291,1,1,"Barber, Miss. Ellen ""Nellie""",0,26.0,0,0,19877,78.85,S,Miss,Jeune adulte,Seul
292,1,1,"Bishop, Mrs. Dickinson H (Helen Walton)",0,19.0,1,0,11967,91.0792,C,Mrs,Jeune adulte,En famille
293,0,2,"Levy, Mr. Rene Jacques",1,36.0,0,0,SC/Paris 2163,12.875,C,Mr,Adulte,Seul
294,0,3,"Haas, Miss. Aloisia",0,24.0,0,0,349236,8.85,S,Miss,Jeune adulte,Seul
295,0,3,"Mineff, Mr. Ivan",1,24.0,0,0,349233,7.8958,S,Mr,Jeune adulte,Seul
296,0,1,"Lewy, Mr. Ervin G",1,28.0,0,0,PC 17612,27.7208,C,Mr,Jeune adulte,Seul
297,0,3,"Hanna, Mr. Mansour",1,23.5,0,0,2693,7.2292,C,Mr,Jeune adulte,Seul
298,0,1,"Allison, Miss. Helen Loraine",0,2.0,1,2,113781,151.55,S,Miss,Enfant,En famille
299,1,1,"Saalfeld, Mr. Adolphe",1,28.0,0,0,19988,30.5,S,Mr,Jeune adulte,Seul
300,1,1,"Baxter, Mrs. James (Helene DeLaudeniere Chaput)",0,50.0,0,1,PC 17558,247.5208,C,Mrs,Adulte,En famille
301,1,3,"Kelly, Miss. Anna Katherine ""Annie Kate""",0,28.0,0,0,9234,7.75,Q,Miss,Jeune adulte,Seul
302,1,3,"McCoy, Mr. Bernard",1,28.0,2,0,367226,23.25,Q,Mr,Jeune adulte,En famille
303,0,3,"Johnson, Mr. William Cahoone Jr",1,19.0,0,0,LINE,0.0,S,Mr,Jeune adulte,Seul
304,1,2,"Keane, Miss. Nora A",0,28.0,0,0,226593,12.35,Q,Miss,Jeune adulte,Seul
305,0,3,"Williams, Mr. Howard Hugh ""Harry""",1,28.0,0,0,A/5 2466,8.05,S,Mr,Jeune adulte,Seul
306,1,1,"Allison, Master. Hudson Trevor",1,0.92,1,2,113781,151.55,S,Master,Enfant,En famille
307,1,1,"Fleming, Miss. Margaret",0,28.0,0,0,17421,110.8833,C,Miss,Jeune adulte,Seul
308,1,1,"Penasco y Castellana, Mrs. Victor de Satode (Maria Josefa Perez de Soto y Vallejo)",0,17.0,1,0,PC 17758,108.9,C,y,Enfant,En famille
309,0,2,"Abelson, Mr. Samuel",1,30.0,1,0,P/PP 3381,24.0,C,Mr,Jeune adulte,En famille
310,1,1,"Francatelli, Miss. Laura Mabel",0,30.0,0,0,PC 17485,56.9292,C,Miss,Jeune adulte,Seul
311,1,1,"Hays, Miss. Margaret Bechstein",0,24.0,0,0,11767,83.1583,C,Miss,Jeune adulte,Seul
312,1,1,"Ryerson, Miss. Emily Borie",0,18.0,2,2,PC 17608,262.375,C,Miss,Enfant,En famille
313,0,2,"Lahtinen, Mrs. William (Anna Sylfven)",0,26.0,1,1,250651,26.0,S,Mrs,Jeune adulte,En famille
314,0,3,"Hendekovic, Mr. Ignjac",1,28.0,0,0,349243,7.8958,S,Mr,Jeune adulte,Seul
315,0,2,"Hart, Mr. Benjamin",1,43.0,1,1,F.C.C. 13529,26.25,S,Mr,Adulte,En famille
316,1,3,"Nilsson, Miss. Helmina Josefina",0,26.0,0,0,347470,7.8542,S,Miss,Jeune adulte,Seul
317,1,2,"Kantor, Mrs. Sinai (Miriam Sternin)",0,24.0,1,0,244367,26.0,S,Mrs,Jeune adulte,En famille
318,0,2,"Moraweck, Dr. Ernest",1,54.0,0,0,29011,14.0,S,Other,Senior,Seul
319,1,1,"Wick, Miss. Mary Natalie",0,31.0,0,2,36928,164.8667,S,Miss,Jeune adulte,En famille
320,1,1,"Spedden, Mrs. Frederic Oakley (Margaretta Corning Stone)",0,40.0,1,1,16966,134.5,C,Mrs,Adulte,En famille
321,0,3,"Dennis, Mr. Samuel",1,22.0,0,0,A/5 21172,7.25,S,Mr,Jeune adulte,Seul
322,0,3,"Danoff, Mr. Yoto",1,27.0,0,0,349219,7.8958,S,Mr,Jeune adulte,Seul
323,1,2,"Slayter, Miss. Hilda Mary",0,30.0,0,0,234818,12.35,Q,Miss,Jeune adulte,Seul
324,1,2,"Caldwell, Mrs. Albert Francis (Sylvia Mae Harbaugh)",0,22.0,1,1,248738,29.0,S,Mrs,Jeune adulte,En famille
325,0,3,"Sage, Mr. George John Jr",1,28.0,8,2,CA. 2343,69.55,S,Mr,Jeune adulte,En famille
326,1,1,"Young, Miss. Marie Grice",0,36.0,0,0,PC 17760,135.6333,C,Miss,Adulte,Seul
327,0,3,"Nysveen, Mr. Johan Hansen",1,61.0,0,0,345364,6.2375,S,Mr,Senior,Seul
328,1,2,"Ball, Mrs. (Ada E Hall)",0,36.0,0,0,28551,13.0,S,Mrs,Adulte,Seul
329,1,3,"Goldsmith, Mrs. Frank John (Emily Alice Brown)",0,31.0,1,1,363291,20.525,S,Mrs,Jeune adulte,En famille
330,1,1,"Hippach, Miss. Jean Gertrude",0,16.0,0,1,111361,57.9792,C,Miss,Enfant,En famille
331,1,3,"McCoy, Miss. Agnes",0,28.0,2,0,367226,23.25,Q,Miss,Jeune adulte,En famille
332,0,1,"Partner, Mr. Austen",1,45.5,0,0,113043,28.5,S,Mr,Adulte,Seul
333,0,1,"Graham, Mr. George Edward",1,38.0,0,1,PC 17582,153.4625,S,Mr,Adulte,En famille
334,0,3,"Vander Planke, Mr. Leo Edmondus",1,16.0,2,0,345764,18.0,S,Planke,Enfant,En famille
335,1,1,"Frauenthal, Mrs. Henry William (Clara Heinsheimer)",0,28.0,1,0,PC 17611,133.65,S,Mrs,Jeune adulte,En famille
336,0,3,"Denkoff, Mr. Mitto",1,28.0,0,0,349225,7.8958,S,Mr,Jeune adulte,Seul
337,0,1,"Pears, Mr. Thomas Clinton",1,29.0,1,0,113776,66.6,S,Mr,Jeune adulte,En famille
338,1,1,"Burns, Miss. Elizabeth Margaret",0,41.0,0,0,16966,134.5,C,Miss,Adulte,Seul
339,1,3,"Dahl, Mr. Karl Edwart",1,45.0,0,0,7598,8.05,S,Mr,Adulte,Seul
340,0,1,"Blackwell, Mr. Stephen Weart",1,45.0,0,0,113784,35.5,S,Mr,Adulte,Seul
341,1,2,"Navratil, Master. Edmond Roger",1,2.0,1,1,230080,26.0,S,Master,Enfant,En famille
342,1,1,"Fortune, Miss. Alice Elizabeth",0,24.0,3,2,19950,263.0,S,Miss,Jeune adulte,En famille
343,0,2,"Collander, Mr. Erik Gustaf",1,28.0,0,0,248740,13.0,S,Mr,Jeune adulte,Seul
344,0,2,"Sedgwick, Mr. Charles Frederick Waddington",1,25.0,0,0,244361,13.0,S,Mr,Jeune adulte,Seul
345,0,2,"Fox, Mr. Stanley Hubert",1,36.0,0,0,229236,13.0,S,Mr,Adulte,Seul
346,1,2,"Brown, Miss. Amelia ""Mildred""",0,24.0,0,0,248733,13.0,S,Miss,Jeune adulte,Seul
347,1,2,"Smith, Miss. Marion Elsie",0,40.0,0,0,31418,13.0,S,Miss,Adulte,Seul
348,1,3,"Davison, Mrs. Thomas Henry (Mary E Finck)",0,28.0,1,0,386525,16.1,S,Mrs,Jeune adulte,En famille
349,1,3,"Coutts, Master. William Loch ""William""",1,3.0,1,1,C.A. 37671,15.9,S,Master,Enfant,En famille
350,0,3,"Dimic, Mr. Jovan",1,42.0,0,0,315088,8.6625,S,Mr,Adulte,Seul
351,0,3,"Odahl, Mr. Nils Martin",1,23.0,0,0,7267,9.225,S,Mr,Jeune adulte,Seul
352,0,1,"Williams-Lambert, Mr. Fletcher Fellows",1,28.0,0,0,113510,35.0,S,Mr,Jeune adulte,Seul
353,0,3,"Elias, Mr. Tannous",1,15.0,1,1,2695,7.2292,C,Mr,Enfant,En famille
354,0,3,"Arnold-Franchi, Mr. Josef",1,25.0,1,0,349237,17.8,S,Mr,Jeune adulte,En famille
355,0,3,"Yousif, Mr. Wazli",1,28.0,0,0,2647,7.225,C,Mr,Jeune adulte,Seul
356,0,3,"Vanden Steen, Mr. Leo Peter",1,28.0,0,0,345783,9.5,S,Steen,Jeune adulte,Seul
357,1,1,"Bowerman, Miss. Elsie Edith",0,22.0,0,1,113505,55.0,S,Miss,Jeune adulte,En famille
358,0,2,"Funk, Miss. Annie Clemmer",0,38.0,0,0,237671,13.0,S,Miss,Adulte,Seul
359,1,3,"McGovern, Miss. Mary",0,28.0,0,0,330931,7.8792,Q,Miss,Jeune adulte,Seul
360,1,3,"Mockler, Miss. Helen Mary ""Ellie""",0,28.0,0,0,330980,7.8792,Q,Miss,Jeune adulte,Seul
361,0,3,"Skoog, Mr. Wilhelm",1,40.0,1,4,347088,27.9,S,Mr,Adulte,En famille
362,0,2,"del Carlo, Mr. Sebastiano",1,29.0,1,0,SC/PARIS 2167,27.7208,C,Carlo,Jeune adulte,En famille
363,0,3,"Barbara, Mrs. (Catherine David)",0,45.0,0,1,2691,14.4542,C,Mrs,Adulte,En famille
364,0,3,"Asim, Mr. Adola",1,35.0,0,0,SOTON/O.Q. 3101310,7.05,S,Mr,Jeune adulte,Seul
365,0,3,"O'Brien, Mr. Thomas",1,28.0,1,0,370365,15.5,Q,Mr,Jeune adulte,En famille
366,0,3,"Adahl, Mr. Mauritz Nils Martin",1,30.0,0,0,C 7076,7.25,S,Mr,Jeune adulte,Seul
367,1,1,"Warren, Mrs. Frank Manley (Anna Sophia Atkinson)",0,60.0,1,0,110813,75.25,C,Mrs,Senior,En famille
368,1,3,"Moussa, Mrs. (Mantoura Boulos)",0,28.0,0,0,2626,7.2292,C,Mrs,Jeune adulte,Seul
369,1,3,"Jermyn, Miss. Annie",0,28.0,0,0,14313,7.75,Q,Miss,Jeune adulte,Seul
370,1,1,"Aubart, Mme. Leontine Pauline",0,24.0,0,0,PC 17477,69.3,C,Mrs,Jeune adulte,Seul
371,1,1,"Harder, Mr. George Achilles",1,25.0,1,0,11765,55.4417,C,Mr,Jeune adulte,En famille
372,0,3,"Wiklund, Mr. Jakob Alfred",1,18.0,1,0,3101267,6.4958,S,Mr,Enfant,En famille
373,0,3,"Beavan, Mr. William Thomas",1,19.0,0,0,323951,8.05,S,Mr,Jeune adulte,Seul
374,0,1,"Ringhini, Mr. Sante",1,22.0,0,0,PC 17760,135.6333,C,Mr,Jeune adulte,Seul
375,0,3,"Palsson, Miss. Stina Viola",0,3.0,3,1,349909,21.075,S,Miss,Enfant,En famille
376,1,1,"Meyer, Mrs. Edgar Joseph (Leila Saks)",0,28.0,1,0,PC 17604,82.1708,C,Mrs,Jeune adulte,En famille
377,1,3,"Landergren, Miss. Aurora Adelia",0,22.0,0,0,C 7077,7.25,S,Miss,Jeune adulte,Seul
378,0,1,"Widener, Mr. Harry Elkins",1,27.0,0,2,113503,211.5,C,Mr,Jeune adulte,En famille
379,0,3,"Betros, Mr. Tannous",1,20.0,0,0,2648,4.0125,C,Mr,Jeune adulte,Seul
380,0,3,"Gustafsson, Mr. Karl Gideon",1,19.0,0,0,347069,7.775,S,Mr,Jeune adulte,Seul
381,1,1,"Bidois, Miss. Rosalie",0,42.0,0,0,PC 17757,227.525,C,Miss,Adulte,Seul
382,1,3,"Nakid, Miss. Maria (""Mary"")",0,1.0,0,2,2653,15.7417,C,Miss,Enfant,En famille
383,0,3,"Tikkanen, Mr. Juho",1,32.0,0,0,STON/O 2. 3101293,7.925,S,Mr,Jeune adulte,Seul
384,1,1,"Holverson, Mrs. Alexander Oskar (Mary Aline Towner)",0,35.0,1,0,113789,52.0,S,Mrs,Jeune adulte,En famille
385,0,3,"Plotcharsky, Mr. Vasil",1,28.0,0,0,349227,7.8958,S,Mr,Jeune adulte,Seul
386,0,2,"Davies, Mr. Charles Henry",1,18.0,0,0,S.O.C. 14879,73.5,S,Mr,Enfant,Seul
387,0,3,"Goodwin, Master. Sidney Leonard",1,1.0,5,2,CA 2144,46.9,S,Master,Enfant,En famille
388,1,2,"Buss, Miss. Kate",0,36.0,0,0,27849,13.0,S,Miss,Adulte,Seul
389,0,3,"Sadlier, Mr. Matthew",1,28.0,0,0,367655,7.7292,Q,Mr,Jeune adulte,Seul
390,1,2,"Lehmann, Miss. Bertha",0,17.0,0,0,SC 1748,12.0,C,Miss,Enfant,Seul
391,1,1,"Carter, Mr. William Ernest",1,36.0,1,2,113760,120.0,S,Mr,Adulte,En famille
392,1,3,"Jansson, Mr. Carl Olof",1,21.0,0,0,350034,7.7958,S,Mr,Jeune adulte,Seul
393,0,3,"Gustafsson, Mr. Johan Birger",1,28.0,2,0,3101277,7.925,S,Mr,Jeune adulte,En famille
394,1,1,"Newell, Miss. Marjorie",0,23.0,1,0,35273,113.275,C,Miss,Jeune adulte,En famille
395,1,3,"Sandstrom, Mrs. Hjalmar (Agnes Charlotta Bengtsson)",0,24.0,0,2,PP 9549,16.7,S,Mrs,Jeune adulte,En famille
396,0,3,"Johansson, Mr. Erik",1,22.0,0,0,350052,7.7958,S,Mr,Jeune adulte,Seul
397,0,3,"Olsson, Miss. Elina",0,31.0,0,0,350407,7.8542,S,Miss,Jeune adulte,Seul
398,0,2,"McKane, Mr. Peter David",1,46.0,0,0,28403,26.0,S,Mr,Adulte,Seul
399,0,2,"Pain, Dr. Alfred",1,23.0,0,0,244278,10.5,S,Other,Jeune adulte,Seul
400,1,2,"Trout, Mrs. William H (Jessie L)",0,28.0,0,0,240929,12.65,S,Mrs,Jeune adulte,Seul
401,1,3,"Niskanen, Mr. Juha",1,39.0,0,0,STON/O 2. 3101289,7.925,S,Mr,Adulte,Seul
402,0,3,"Adams, Mr. John",1,26.0,0,0,341826,8.05,S,Mr,Jeune adulte,Seul
403,0,3,"Jussila, Miss. Mari Aina",0,21.0,1,0,4137,9.825,S,Miss,Jeune adulte,En famille
404,0,3,"Hakkarainen, Mr. Pekka Pietari",1,28.0,1,0,STON/O2. 3101279,15.85,S,Mr,Jeune adulte,En famille
405,0,3,"Oreskovic, Miss. Marija",0,20.0,0,0,315096,8.6625,S,Miss,Jeune adulte,Seul
406,0,2,"Gale, Mr. Shadrach",1,34.0,1,0,28664,21.0,S,Mr,Jeune adulte,En famille
407,0,3,"Widegren, Mr. Carl/Charles Peter",1,51.0,0,0,347064,7.75,S,Mr,Senior,Seul
408,1,2,"Richards, Master. William Rowe",1,3.0,1,1,29106,18.75,S,Master,Enfant,En famille
409,0,3,"Birkeland, Mr. Hans Martin Monsen",1,21.0,0,0,312992,7.775,S,Mr,Jeune adulte,Seul
410,0,3,"Lefebre, Miss. Ida",0,28.0,3,1,4133,25.4667,S,Miss,Jeune adulte,En famille
411,0,3,"Sdycoff, Mr. Todor",1,28.0,0,0,349222,7.8958,S,Mr,Jeune adulte,Seul
412,0,3,"Hart, Mr. Henry",1,28.0,0,0,394140,6.8583,Q,Mr,Jeune adulte,Seul
413,1,1,"Minahan, Miss. Daisy E",0,33.0,1,0,19928,90.0,Q,Miss,Jeune adulte,En famille
414,0,2,"Cunningham, Mr. Alfred Fleming",1,28.0,0,0,239853,0.0,S,Mr,Jeune adulte,Seul
415,1,3,"Sundman, Mr. Johan Julian",1,44.0,0,0,STON/O 2. 3101269,7.925,S,Mr,Adulte,Seul
416,0,3,"Meek, Mrs. Thomas (Annie Louise Rowley)",0,28.0,0,0,343095,8.05,S,Mrs,Jeune adulte,Seul
417,1,2,"Drew, Mrs. James Vivian (Lulu Thorne Christian)",0,34.0,1,1,28220,32.5,S,Mrs,Jeune adulte,En famille
418,1,2,"Silven, Miss. Lyyli Karoliina",0,18.0,0,2,250652,13.0,S,Miss,Enfant,En famille
419,0,2,"Matthews, Mr. William John",1,30.0,0,0,28228,13.0,S,Mr,Jeune adulte,Seul
420,0,3,"Van Impe, Miss. Catharina",0,10.0,0,2,345773,24.15,S,Impe,Enfant,En famille
421,0,3,"Gheorgheff, Mr. Stanio",1,28.0,0,0,349254,7.8958,C,Mr,Jeune adulte,Seul
422,0,3,"Charters, Mr. David",1,21.0,0,0,A/5. 13032,7.7333,Q,Mr,Jeune adulte,Seul
423,0,3,"Zimmerman, Mr. Leo",1,29.0,0,0,315082,7.875,S,Mr,Jeune adulte,Seul
424,0,3,"Danbom, Mrs. Ernst Gilbert (Anna Sigrid Maria Brogren)",0,28.0,1,1,347080,14.4,S,Mrs,Jeune adulte,En famille
425,0,3,"Rosblom, Mr. Viktor Richard",1,18.0,1,1,370129,20.2125,S,Mr,Enfant,En famille
426,0,3,"Wiseman, Mr. Phillippe",1,28.0,0,0,A/4. 34244,7.25,S,Mr,Jeune adulte,Seul
427,1,2,"Clarke, Mrs. Charles V (Ada Maria Winfield)",0,28.0,1,0,2003,26.0,S,Mrs,Jeune adulte,En famille
428,1,2,"Phillips, Miss. Kate Florence (""Mrs Kate Louise Phillips Marshall"")",0,19.0,0,0,250655,26.0,S,Miss,Jeune adulte,Seul
429,0,3,"Flynn, Mr. James",1,28.0,0,0,364851,7.75,Q,Mr,Jeune adulte,Seul
430,1,3,"Pickard, Mr. Berk (Berk Trembisky)",1,32.0,0,0,SOTON/O.Q. 392078,8.05,S,Mr,Jeune adulte,Seul
431,1,1,"Bjornstrom-Steffansson, Mr. Mauritz Hakan",1,28.0,0,0,110564,26.55,S,Mr,Jeune adulte,Seul
432,1,3,"Thorneycroft, Mrs. Percival (Florence Kate White)",0,28.0,1,0,376564,16.1,S,Mrs,Jeune adulte,En famille
433,1,2,"Louch, Mrs. Charles Alexander (Alice Adelaide Slow)",0,42.0,1,0,SC/AH 3085,26.0,S,Mrs,Adulte,En famille
434,0,3,"Kallio, Mr. Nikolai Erland",1,17.0,0,0,STON/O 2. 3101274,7.125,S,Mr,Enfant,Seul
435,0,1,"Silvey, Mr. William Baird",1,50.0,1,0,13507,55.9,S,Mr,Adulte,En famille
436,1,1,"Carter, Miss. Lucile Polk",0,14.0,1,2,113760,120.0,S,Miss,Enfant,En famille
437,0,3,"Ford, Miss. Doolina Margaret ""Daisy""",0,21.0,2,2,W./C. 6608,34.375,S,Miss,Jeune adulte,En famille
438,1,2,"Richards, Mrs. Sidney (Emily Hocking)",0,24.0,2,3,29106,18.75,S,Mrs,Jeune adulte,En famille
439,0,1,"Fortune, Mr. Mark",1,64.0,1,4,19950,263.0,S,Mr,Senior,En famille
440,0,2,"Kvillner, Mr. Johan Henrik Johannesson",1,31.0,0,0,C.A. 18723,10.5,S,Mr,Jeune adulte,Seul
441,1,2,"Hart, Mrs. Benjamin (Esther Ada Bloomfield)",0,45.0,1,1,F.C.C. 13529,26.25,S,Mrs,Adulte,En famille
442,0,3,"Hampe, Mr. Leon",1,20.0,0,0,345769,9.5,S,Mr,Jeune adulte,Seul
443,0,3,"Petterson, Mr. Johan Emil",1,25.0,1,0,347076,7.775,S,Mr,Jeune adulte,En famille
444,1,2,"Reynaldo, Ms. Encarnacion",0,28.0,0,0,230434,13.0,S,Miss,Jeune adulte,Seul
445,1,3,"Johannesen-Bratthammer, Mr. Bernt",1,28.0,0,0,65306,8.1125,S,Mr,Jeune adulte,Seul
446,1,1,"Dodge, Master. Washington",1,4.0,0,2,33638,81.8583,S,Master,Enfant,En famille
447,1,2,"Mellinger, Miss. Madeleine Violet",0,13.0,0,1,250644,19.5,S,Miss,Enfant,En famille
448,1,1,"Seward, Mr. Frederic Kimber",1,34.0,0,0,113794,26.55,S,Mr,Jeune adulte,Seul
449,1,3,"Baclini, Miss. Marie Catherine",0,5.0,2,1,2666,19.2583,C,Miss,Enfant,En famille
450,1,1,"Peuchen, Major. Arthur Godfrey",1,52.0,0,0,113786,30.5,S,Other,Senior,Seul
451,0,2,"West, Mr. Edwy Arthur",1,36.0,1,2,C.A. 34651,27.75,S,Mr,Adulte,En famille
452,0,3,"Hagland, Mr. Ingvald Olai Olsen",1,28.0,1,0,65303,19.9667,S,Mr,Jeune adulte,En famille
453,0,1,"Foreman, Mr. Benjamin Laventall",1,30.0,0,0,113051,27.75,C,Mr,Jeune adulte,Seul
454,1,1,"Goldenberg, Mr. Samuel L",1,49.0,1,0,17453,89.1042,C,Mr,Adulte,En famille
455,0,3,"Peduzzi, Mr. Joseph",1,28.0,0,0,A/5 2817,8.05,S,Mr,Jeune adulte,Seul
456,1,3,"Jalsevac, Mr. Ivan",1,29.0,0,0,349240,7.8958,C,Mr,Jeune adulte,Seul
457,0,1,"Millet, Mr. Francis Davis",1,65.0,0,0,13509,26.55,S,Mr,Senior,Seul
458,1,1,"Kenyon, Mrs. Frederick R (Marion)",0,28.0,1,0,17464,51.8625,S,Mrs,Jeune adulte,En famille
459,1,2,"Toomey, Miss. Ellen",0,50.0,0,0,F.C.C. 13531,10.5,S,Miss,Adulte,Seul
460,0,3,"O'Connor, Mr. Maurice",1,28.0,0,0,371060,7.75,Q,Mr,Jeune adulte,Seul
461,1,1,"Anderson, Mr. Harry",1,48.0,0,0,19952,26.55,S,Mr,Adulte,Seul
462,0,3,"Morley, Mr. William",1,34.0,0,0,364506,8.05,S,Mr,Jeune adulte,Seul
463,0,1,"Gee, Mr. Arthur H",1,47.0,0,0,111320,38.5,S,Mr,Adulte,Seul
464,0,2,"Milling, Mr. Jacob Christian",1,48.0,0,0,234360,13.0,S,Mr,Adulte,Seul
465,0,3,"Maisner, Mr. Simon",1,28.0,0,0,A/S 2816,8.05,S,Mr,Jeune adulte,Seul
466,0,3,"Goncalves, Mr. Manuel Estanslas",1,38.0,0,0,SOTON/O.Q. 3101306,7.05,S,Mr,Adulte,Seul
467,0,2,"Campbell, Mr. William",1,28.0,0,0,239853,0.0,S,Mr,Jeune adulte,Seul
468,0,1,"Smart, Mr. John Montgomery",1,56.0,0,0,113792,26.55,S,Mr,Senior,Seul
469,0,3,"Scanlan, Mr. James",1,28.0,0,0,36209,7.725,Q,Mr,Jeune adulte,Seul
470,1,3,"Baclini, Miss. Helene Barbara",0,0.75,2,1,2666,19.2583,C,Miss,Enfant,En famille
471,0,3,"Keefe, Mr. Arthur",1,28.0,0,0,323592,7.25,S,Mr,Jeune adulte,Seul
472,0,3,"Cacic, Mr. Luka",1,38.0,0,0,315089,8.6625,S,Mr,Adulte,Seul
473,1,2,"West, Mrs. Edwy Arthur (Ada Mary Worth)",0,33.0,1,2,C.A. 34651,27.75,S,Mrs,Jeune adulte,En famille
474,1,2,"Jerwan, Mrs. Amin S (Marie Marthe Thuillard)",0,23.0,0,0,SC/AH Basle 541,13.7917,C,Mrs,Jeune adulte,Seul
475,0,3,"Strandberg, Miss. Ida Sofia",0,22.0,0,0,7553,9.8375,S,Miss,Jeune adulte,Seul
476,0,1,"Clifford, Mr. George Quincy",1,28.0,0,0,110465,52.0,S,Mr,Jeune adulte,Seul
477,0,2,"Renouf, Mr. Peter Henry",1,34.0,1,0,31027,21.0,S,Mr,Jeune adulte,En famille
478,0,3,"Braund, Mr. Lewis Richard",1,29.0,1,0,3460,7.0458,S,Mr,Jeune adulte,En famille
479,0,3,"Karlsson, Mr. Nils August",1,22.0,0,0,350060,7.5208,S,Mr,Jeune adulte,Seul
480,1,3,"Hirvonen, Miss. Hildur E",0,2.0,0,1,3101298,12.2875,S,Miss,Enfant,En famille
481,0,3,"Goodwin, Master. Harold Victor",1,9.0,5,2,CA 2144,46.9,S,Master,Enfant,En famille
482,0,2,"Frost, Mr. Anthony Wood ""Archie""",1,28.0,0,0,239854,0.0,S,Mr,Jeune adulte,Seul
483,0,3,"Rouse, Mr. Richard Henry",1,50.0,0,0,A/5 3594,8.05,S,Mr,Adulte,Seul
484,1,3,"Turkula, Mrs. (Hedwig)",0,63.0,0,0,4134,9.5875,S,Mrs,Senior,Seul
485,1,1,"Bishop, Mr. Dickinson H",1,25.0,1,0,11967,91.0792,C,Mr,Jeune adulte,En famille
486,0,3,"Lefebre, Miss. Jeannie",0,28.0,3,1,4133,25.4667,S,Miss,Jeune adulte,En famille
487,1,1,"Hoyt, Mrs. Frederick Maxfield (Jane Anne Forby)",0,35.0,1,0,19943,90.0,S,Mrs,Jeune adulte,En famille
488,0,1,"Kent, Mr. Edward Austin",1,58.0,0,0,11771,29.7,C,Mr,Senior,Seul
489,0,3,"Somerton, Mr. Francis William",1,30.0,0,0,A.5. 18509,8.05,S,Mr,Jeune adulte,Seul
490,1,3,"Coutts, Master. Eden Leslie ""Neville""",1,9.0,1,1,C.A. 37671,15.9,S,Master,Enfant,En famille
491,0,3,"Hagland, Mr. Konrad Mathias Reiersen",1,28.0,1,0,65304,19.9667,S,Mr,Jeune adulte,En famille
492,0,3,"Windelov, Mr. Einar",1,21.0,0,0,SOTON/OQ 3101317,7.25,S,Mr,Jeune adulte,Seul
493,0,1,"Molson, Mr. Harry Markland",1,55.0,0,0,113787,30.5,S,Mr,Senior,Seul
494,0,1,"Artagaveytia, Mr. Ramon",1,71.0,0,0,PC 17609,49.5042,C,Mr,Senior,Seul
495,0,3,"Stanley, Mr. Edward Roland",1,21.0,0,0,A/4 45380,8.05,S,Mr,Jeune adulte,Seul
496,0,3,"Yousseff, Mr. Gerious",1,28.0,0,0,2627,14.4583,C,Mr,Jeune adulte,Seul
497,1,1,"Eustis, Miss. Elizabeth Mussey",0,54.0,1,0,36947,78.2667,C,Miss,Senior,En famille
498,0,3,"Shellard, Mr. Frederick William",1,28.0,0,0,C.A. 6212,15.1,S,Mr,Jeune adulte,Seul
499,0,1,"Allison, Mrs. Hudson J C (Bessie Waldo Daniels)",0,25.0,1,2,113781,151.55,S,Mrs,Jeune adulte,En famille
500,0,3,"Svensson, Mr. Olof",1,24.0,0,0,350035,7.7958,S,Mr,Jeune adulte,Seul
501,0,3,"Calic, Mr. Petar",1,17.0,0,0,315086,8.6625,S,Mr,Enfant,Seul
502,0,3,"Canavan, Miss. Mary",0,21.0,0,0,364846,7.75,Q,Miss,Jeune adulte,Seul
503,0,3,"O'Sullivan, Miss. Bridget Mary",0,28.0,0,0,330909,7.6292,Q,Miss,Jeune adulte,Seul
504,0,3,"Laitinen, Miss. Kristina Sofia",0,37.0,0,0,4135,9.5875,S,Miss,Adulte,Seul
505,1,1,"Maioni, Miss. Roberta",0,16.0,0,0,110152,86.5,S,Miss,Enfant,Seul
506,0,1,"Penasco y Castellana, Mr. Victor de Satode",1,18.0,1,0,PC 17758,108.9,C,y,Enfant,En famille
507,1,2,"Quick, Mrs. Frederick Charles (Jane Richards)",0,33.0,0,2,26360,26.0,S,Mrs,Jeune adulte,En famille
508,1,1,"Bradley, Mr. George (""George Arthur Brayton"")",1,28.0,0,0,111427,26.55,S,Mr,Jeune adulte,Seul
509,0,3,"Olsen, Mr. Henry Margido",1,28.0,0,0,C 4001,22.525,S,Mr,Jeune adulte,Seul
510,1,3,"Lang, Mr. Fang",1,26.0,0,0,1601,56.4958,S,Mr,Jeune adulte,Seul
511,1,3,"Daly, Mr. Eugene Patrick",1,29.0,0,0,382651,7.75,Q,Mr,Jeune adulte,Seul
512,0,3,"Webber, Mr. James",1,28.0,0,0,SOTON/OQ 3101316,8.05,S,Mr,Jeune adulte,Seul
513,1,1,"McGough, Mr. James Robert",1,36.0,0,0,PC 17473,26.2875,S,Mr,Adulte,Seul
514,1,1,"Rothschild, Mrs. Martin (Elizabeth L. Barrett)",0,54.0,1,0,PC 17603,59.4,C,Mrs,Senior,En famille
515,0,3,"Coleff, Mr. Satio",1,24.0,0,0,349209,7.4958,S,Mr,Jeune adulte,Seul
516,0,1,"Walker, Mr. William Anderson",1,47.0,0,0,36967,34.0208,S,Mr,Adulte,Seul
517,1,2,"Lemore, Mrs. (Amelia Milley)",0,34.0,0,0,C.A. 34260,10.5,S,Mrs,Jeune adulte,Seul
518,0,3,"Ryan, Mr. Patrick",1,28.0,0,0,371110,24.15,Q,Mr,Jeune adulte,Seul
519,1,2,"Angle, Mrs. William A (Florence ""Mary"" Agnes Hughes)",0,36.0,1,0,226875,26.0,S,Mrs,Adulte,En famille
520,0,3,"Pavlovic, Mr. Stefo",1,32.0,0,0,349242,7.8958,S,Mr,Jeune adulte,Seul
521,1,1,"Perreault, Miss. Anne",0,30.0,0,0,12749,93.5,S,Miss,Jeune adulte,Seul
522,0,3,"Vovk, Mr. Janko",1,22.0,0,0,349252,7.8958,S,Mr,Jeune adulte,Seul
523,0,3,"Lahoud, Mr. Sarkis",1,28.0,0,0,2624,7.225,C,Mr,Jeune adulte,Seul
524,1,1,"Hippach, Mrs. Louis Albert (Ida Sophia Fischer)",0,44.0,0,1,111361,57.9792,C,Mrs,Adulte,En famille
525,0,3,"Kassem, Mr. Fared",1,28.0,0,0,2700,7.2292,C,Mr,Jeune adulte,Seul
526,0,3,"Farrell, Mr. James",1,40.5,0,0,367232,7.75,Q,Mr,Adulte,Seul
527,1,2,"Ridsdale, Miss. Lucy",0,50.0,0,0,W./C. 14258,10.5,S,Miss,Adulte,Seul
528,0,1,"Farthing, Mr. John",1,28.0,0,0,PC 17483,221.7792,S,Mr,Jeune adulte,Seul
529,0,3,"Salonen, Mr. Johan Werner",1,39.0,0,0,3101296,7.925,S,Mr,Adulte,Seul
530,0,2,"Hocking, Mr. Richard George",1,23.0,2,1,29104,11.5,S,Mr,Jeune adulte,En famille
531,1,2,"Quick, Miss. Phyllis May",0,2.0,1,1,26360,26.0,S,Miss,Enfant,En famille
532,0,3,"Toufik, Mr. Nakli",1,28.0,0,0,2641,7.2292,C,Mr,Jeune adulte,Seul
533,0,3,"Elias, Mr. Joseph Jr",1,17.0,1,1,2690,7.2292,C,Mr,Enfant,En famille
534,1,3,"Peter, Mrs. Catherine (Catherine Rizk)",0,28.0,0,2,2668,22.3583,C,Mrs,Jeune adulte,En famille
535,0,3,"Cacic, Miss. Marija",0,30.0,0,0,315084,8.6625,S,Miss,Jeune adulte,Seul
536,1,2,"Hart, Miss. Eva Miriam",0,7.0,0,2,F.C.C. 13529,26.25,S,Miss,Enfant,En famille
537,0,1,"Butt, Major. Archibald Willingham",1,45.0,0,0,113050,26.55,S,Other,Adulte,Seul
538,1,1,"LeRoy, Miss. Bertha",0,30.0,0,0,PC 17761,106.425,C,Miss,Jeune adulte,Seul
539,0,3,"Risien, Mr. Samuel Beard",1,28.0,0,0,364498,14.5,S,Mr,Jeune adulte,Seul
540,1,1,"Frolicher, Miss. Hedwig Margaritha",0,22.0,0,2,13568,49.5,C,Miss,Jeune adulte,En famille
541,1,1,"Crosby, Miss. Harriet R",0,36.0,0,2,WE/P 5735,71.0,S,Miss,Adulte,En famille
542,0,3,"Andersson, Miss. Ingeborg Constanzia",0,9.0,4,2,347082,31.275,S,Miss,Enfant,En famille
543,0,3,"Andersson, Miss. Sigrid Elisabeth",0,11.0,4,2,347082,31.275,S,Miss,Enfant,En famille
544,1,2,"Beane, Mr. Edward",1,32.0,1,0,2908,26.0,S,Mr,Jeune adulte,En famille
545,0,1,"Douglas, Mr. Walter Donald",1,50.0,1,0,PC 17761,106.425,C,Mr,Adulte,En famille
546,0,1,"Nicholson, Mr. Arthur Ernest",1,64.0,0,0,693,26.0,S,Mr,Senior,Seul
547,1,2,"Beane, Mrs. Edward (Ethel Clarke)",0,19.0,1,0,2908,26.0,S,Mrs,Jeune adulte,En famille
548,1,2,"Padro y Manent, Mr. Julian",1,28.0,0,0,SC/PARIS 2146,13.8625,C,y,Jeune adulte,Seul
549,0,3,"Goldsmith, Mr. Frank John",1,33.0,1,1,363291,20.525,S,Mr,Jeune adulte,En famille
550,1,2,"Davies, Master. John Morgan Jr",1,8.0,1,1,C.A. 33112,36.75,S,Master,Enfant,En famille
551,1,1,"Thayer, Mr. John Borland Jr",1,17.0,0,2,17421,110.8833,C,Mr,Enfant,En famille
552,0,2,"Sharp, Mr. Percival James R",1,27.0,0,0,244358,26.0,S,Mr,Jeune adulte,Seul
553,0,3,"O'Brien, Mr. Timothy",1,28.0,0,0,330979,7.8292,Q,Mr,Jeune adulte,Seul
554,1,3,"Leeni, Mr. Fahim (""Philip Zenni"")",1,22.0,0,0,2620,7.225,C,Mr,Jeune adulte,Seul
555,1,3,"Ohman, Miss. Velin",0,22.0,0,0,347085,7.775,S,Miss,Jeune adulte,Seul
556,0,1,"Wright, Mr. George",1,62.0,0,0,113807,26.55,S,Mr,Senior,Seul
557,1,1,"Duff Gordon, Lady. (Lucille Christiana Sutherland) (""Mrs Morgan"")",0,48.0,1,0,11755,39.6,C,Gordon,Adulte,En famille
558,0,1,"Robbins, Mr. Victor",1,28.0,0,0,PC 17757,227.525,C,Mr,Jeune adulte,Seul
559,1,1,"Taussig, Mrs. Emil (Tillie Mandelbaum)",0,39.0,1,1,110413,79.65,S,Mrs,Adulte,En famille
560,1,3,"de Messemaeker, Mrs. Guillaume Joseph (Emma)",0,36.0,1,0,345572,17.4,S,Messemaeker,Adulte,En famille
561,0,3,"Morrow, Mr. Thomas Rowan",1,28.0,0,0,372622,7.75,Q,Mr,Jeune adulte,Seul
562,0,3,"Sivic, Mr. Husein",1,40.0,0,0,349251,7.8958,S,Mr,Adulte,Seul
563,0,2,"Norman, Mr. Robert Douglas",1,28.0,0,0,218629,13.5,S,Mr,Jeune adulte,Seul
564,0,3,"Simmons, Mr. John",1,28.0,0,0,SOTON/OQ 392082,8.05,S,Mr,Jeune adulte,Seul
565,0,3,"Meanwell, Miss. (Marion Ogden)",0,28.0,0,0,SOTON/O.Q. 392087,8.05,S,Miss,Jeune adulte,Seul
566,0,3,"Davies, Mr. Alfred J",1,24.0,2,0,A/4 48871,24.15,S,Mr,Jeune adulte,En famille
567,0,3,"Stoytcheff, Mr. Ilia",1,19.0,0,0,349205,7.8958,S,Mr,Jeune adulte,Seul
568,0,3,"Palsson, Mrs. Nils (Alma Cornelia Berglund)",0,29.0,0,4,349909,21.075,S,Mrs,Jeune adulte,En famille
569,0,3,"Doharr, Mr. Tannous",1,28.0,0,0,2686,7.2292,C,Mr,Jeune adulte,Seul
570,1,3,"Jonsson, Mr. Carl",1,32.0,0,0,350417,7.8542,S,Mr,Jeune adulte,Seul
571,1,2,"Harris, Mr. George",1,62.0,0,0,S.W./PP 752,10.5,S,Mr,Senior,Seul
572,1,1,"Appleton, Mrs. Edward Dale (Charlotte Lamson)",0,53.0,2,0,11769,51.4792,S,Mrs,Senior,En famille
573,1,1,"Flynn, Mr. John Irwin (""Irving"")",1,36.0,0,0,PC 17474,26.3875,S,Mr,Adulte,Seul
574,1,3,"Kelly, Miss. Mary",0,28.0,0,0,14312,7.75,Q,Miss,Jeune adulte,Seul
575,0,3,"Rush, Mr. Alfred George John",1,16.0,0,0,A/4. 20589,8.05,S,Mr,Enfant,Seul
576,0,3,"Patchett, Mr. George",1,19.0,0,0,358585,14.5,S,Mr,Jeune adulte,Seul
577,1,2,"Garside, Miss. Ethel",0,34.0,0,0,243880,13.0,S,Miss,Jeune adulte,Seul
578,1,1,"Silvey, Mrs. William Baird (Alice Munger)",0,39.0,1,0,13507,55.9,S,Mrs,Adulte,En famille
579,0,3,"Caram, Mrs. Joseph (Maria Elias)",0,28.0,1,0,2689,14.4583,C,Mrs,Jeune adulte,En famille
580,1,3,"Jussila, Mr. Eiriik",1,32.0,0,0,STON/O 2. 3101286,7.925,S,Mr,Jeune adulte,Seul
581,1,2,"Christy, Miss. Julie Rachel",0,25.0,1,1,237789,30.0,S,Miss,Jeune adulte,En famille
582,1,1,"Thayer, Mrs. John Borland (Marian Longstreth Morris)",0,39.0,1,1,17421,110.8833,C,Mrs,Adulte,En famille
583,0,2,"Downton, Mr. William James",1,54.0,0,0,28403,26.0,S,Mr,Senior,Seul
584,0,1,"Ross, Mr. John Hugo",1,36.0,0,0,13049,40.125,C,Mr,Adulte,Seul
585,0,3,"Paulner, Mr. Uscher",1,28.0,0,0,3411,8.7125,C,Mr,Jeune adulte,Seul
586,1,1,"Taussig, Miss. Ruth",0,18.0,0,2,110413,79.65,S,Miss,Enfant,En famille
587,0,2,"Jarvis, Mr. John Denzil",1,47.0,0,0,237565,15.0,S,Mr,Adulte,Seul
588,1,1,"Frolicher-Stehli, Mr. Maxmillian",1,60.0,1,1,13567,79.2,C,Mr,Senior,En famille
589,0,3,"Gilinski, Mr. Eliezer",1,22.0,0,0,14973,8.05,S,Mr,Jeune adulte,Seul
590,0,3,"Murdlin, Mr. Joseph",1,28.0,0,0,A./5. 3235,8.05,S,Mr,Jeune adulte,Seul
591,0,3,"Rintamaki, Mr. Matti",1,35.0,0,0,STON/O 2. 3101273,7.125,S,Mr,Jeune adulte,Seul
592,1,1,"Stephenson, Mrs. Walter Bertram (Martha Eustis)",0,52.0,1,0,36947,78.2667,C,Mrs,Senior,En famille
593,0,3,"Elsbury, Mr. William James",1,47.0,0,0,A/5 3902,7.25,S,Mr,Adulte,Seul
594,0,3,"Bourke, Miss. Mary",0,28.0,0,2,364848,7.75,Q,Miss,Jeune adulte,En famille
595,0,2,"Chapman, Mr. John Henry",1,37.0,1,0,SC/AH 29037,26.0,S,Mr,Adulte,En famille
596,0,3,"Van Impe, Mr. Jean Baptiste",1,36.0,1,1,345773,24.15,S,Impe,Adulte,En famille
597,1,2,"Leitch, Miss. Jessie Wills",0,28.0,0,0,248727,33.0,S,Miss,Jeune adulte,Seul
598,0,3,"Johnson, Mr. Alfred",1,49.0,0,0,LINE,0.0,S,Mr,Adulte,Seul
599,0,3,"Boulos, Mr. Hanna",1,28.0,0,0,2664,7.225,C,Mr,Jeune adulte,Seul
600,1,1,"Duff Gordon, Sir. Cosmo Edmund (""Mr Morgan"")",1,49.0,1,0,PC 17485,56.9292,C,Gordon,Adulte,En famille
601,1,2,"Jacobsohn, Mrs. Sidney Samuel (Amy Frances Christy)",0,24.0,2,1,243847,27.0,S,Mrs,Jeune adulte,En famille
602,0,3,"Slabenoff, Mr. Petco",1,28.0,0,0,349214,7.8958,S,Mr,Jeune adulte,Seul
603,0,1,"Harrington, Mr. Charles H",1,28.0,0,0,113796,42.4,S,Mr,Jeune adulte,Seul
604,0,3,"Torber, Mr. Ernst William",1,44.0,0,0,364511,8.05,S,Mr,Adulte,Seul
605,1,1,"Homer, Mr. Harry (""Mr E Haven"")",1,35.0,0,0,111426,26.55,C,Mr,Jeune adulte,Seul
606,0,3,"Lindell, Mr. Edvard Bengtsson",1,36.0,1,0,349910,15.55,S,Mr,Adulte,En famille
607,0,3,"Karaic, Mr. Milan",1,30.0,0,0,349246,7.8958,S,Mr,Jeune adulte,Seul
608,1,1,"Daniel, Mr. Robert Williams",1,27.0,0,0,113804,30.5,S,Mr,Jeune adulte,Seul
609,1,2,"Laroche, Mrs. Joseph (Juliette Marie Louise Lafargue)",0,22.0,1,2,SC/Paris 2123,41.5792,C,Mrs,Jeune adulte,En famille
610,1,1,"Shutes, Miss. Elizabeth W",0,40.0,0,0,PC 17582,153.4625,S,Miss,Adulte,Seul
611,0,3,"Andersson, Mrs. Anders Johan (Alfrida Konstantia Brogren)",0,39.0,1,5,347082,31.275,S,Mrs,Adulte,En famille
612,0,3,"Jardin, Mr. Jose Neto",1,28.0,0,0,SOTON/O.Q. 3101305,7.05,S,Mr,Jeune adulte,Seul
613,1,3,"Murphy, Miss. Margaret Jane",0,28.0,1,0,367230,15.5,Q,Miss,Jeune adulte,En famille
614,0,3,"Horgan, Mr. John",1,28.0,0,0,370377,7.75,Q,Mr,Jeune adulte,Seul
615,0,3,"Brocklebank, Mr. William Alfred",1,35.0,0,0,364512,8.05,S,Mr,Jeune adulte,Seul
616,1,2,"Herman, Miss. Alice",0,24.0,1,2,220845,65.0,S,Miss,Jeune adulte,En famille
617,0,3,"Danbom, Mr. Ernst Gilbert",1,34.0,1,1,347080,14.4,S,Mr,Jeune adulte,En famille
618,0,3,"Lobb, Mrs. William Arthur (Cordelia K Stanlick)",0,26.0,1,0,A/5. 3336,16.1,S,Mrs,Jeune adulte,En famille
619,1,2,"Becker, Miss. Marion Louise",0,4.0,2,1,230136,39.0,S,Miss,Enfant,En famille
620,0,2,"Gavey, Mr. Lawrence",1,26.0,0,0,31028,10.5,S,Mr,Jeune adulte,Seul
621,0,3,"Yasbeck, Mr. Antoni",1,27.0,1,0,2659,14.4542,C,Mr,Jeune adulte,En famille
622,1,1,"Kimball, Mr. Edwin Nelson Jr",1,42.0,1,0,11753,52.5542,S,Mr,Adulte,En famille
623,1,3,"Nakid, Mr. Sahid",1,20.0,1,1,2653,15.7417,C,Mr,Jeune adulte,En famille
624,0,3,"Hansen, Mr. Henry Damsgaard",1,21.0,0,0,350029,7.8542,S,Mr,Jeune adulte,Seul
625,0,3,"Bowen, Mr. David John ""Dai""",1,21.0,0,0,54636,16.1,S,Mr,Jeune adulte,Seul
626,0,1,"Sutton, Mr. Frederick",1,61.0,0,0,36963,32.3208,S,Mr,Senior,Seul
627,0,2,"Kirkland, Rev. Charles Leonard",1,57.0,0,0,219533,12.35,Q,Other,Senior,Seul
628,1,1,"Longley, Miss. Gretchen Fiske",0,21.0,0,0,13502,77.9583,S,Miss,Jeune adulte,Seul
629,0,3,"Bostandyeff, Mr. Guentcho",1,26.0,0,0,349224,7.8958,S,Mr,Jeune adulte,Seul
630,0,3,"O'Connell, Mr. Patrick D",1,28.0,0,0,334912,7.7333,Q,Mr,Jeune adulte,Seul
631,1,1,"Barkworth, Mr. Algernon Henry Wilson",1,80.0,0,0,27042,30.0,S,Mr,Senior,Seul
632,0,3,"Lundahl, Mr. Johan Svensson",1,51.0,0,0,347743,7.0542,S,Mr,Senior,Seul
633,1,1,"Stahelin-Maeglin, Dr. Max",1,32.0,0,0,13214,30.5,C,Other,Jeune adulte,Seul
634,0,1,"Parr, Mr. William Henry Marsh",1,28.0,0,0,112052,0.0,S,Mr,Jeune adulte,Seul
635,0,3,"Skoog, Miss. Mabel",0,9.0,3,2,347088,27.9,S,Miss,Enfant,En famille
636,1,2,"Davis, Miss. Mary",0,28.0,0,0,237668,13.0,S,Miss,Jeune adulte,Seul
637,0,3,"Leinonen, Mr. Antti Gustaf",1,32.0,0,0,STON/O 2. 3101292,7.925,S,Mr,Jeune adulte,Seul
638,0,2,"Collyer, Mr. Harvey",1,31.0,1,1,C.A. 31921,26.25,S,Mr,Jeune adulte,En famille
639,0,3,"Panula, Mrs. Juha (Maria Emilia Ojala)",0,41.0,0,5,3101295,39.6875,S,Mrs,Adulte,En famille
640,0,3,"Thorneycroft, Mr. Percival",1,28.0,1,0,376564,16.1,S,Mr,Jeune adulte,En famille
641,0,3,"Jensen, Mr. Hans Peder",1,20.0,0,0,350050,7.8542,S,Mr,Jeune adulte,Seul
642,1,1,"Sagesser, Mlle. Emma",0,24.0,0,0,PC 17477,69.3,C,Miss,Jeune adulte,Seul
643,0,3,"Skoog, Miss. Margit Elizabeth",0,2.0,3,2,347088,27.9,S,Miss,Enfant,En famille
644,1,3,"Foo, Mr. Choong",1,28.0,0,0,1601,56.4958,S,Mr,Jeune adulte,Seul
645,1,3,"Baclini, Miss. Eugenie",0,0.75,2,1,2666,19.2583,C,Miss,Enfant,En famille
646,1,1,"Harper, Mr. Henry Sleeper",1,48.0,1,0,PC 17572,76.7292,C,Mr,Adulte,En famille
647,0,3,"Cor, Mr. Liudevit",1,19.0,0,0,349231,7.8958,S,Mr,Jeune adulte,Seul
648,1,1,"Simonius-Blumer, Col. Oberst Alfons",1,56.0,0,0,13213,35.5,C,Other,Senior,Seul
649,0,3,"Willey, Mr. Edward",1,28.0,0,0,S.O./P.P. 751,7.55,S,Mr,Jeune adulte,Seul
650,1,3,"Stanley, Miss. Amy Zillah Elsie",0,23.0,0,0,CA. 2314,7.55,S,Miss,Jeune adulte,Seul
651,0,3,"Mitkoff, Mr. Mito",1,28.0,0,0,349221,7.8958,S,Mr,Jeune adulte,Seul
652,1,2,"Doling, Miss. Elsie",0,18.0,0,1,231919,23.0,S,Miss,Enfant,En famille
653,0,3,"Kalvik, Mr. Johannes Halvorsen",1,21.0,0,0,8475,8.4333,S,Mr,Jeune adulte,Seul
654,1,3,"O'Leary, Miss. Hanora ""Norah""",0,28.0,0,0,330919,7.8292,Q,Miss,Jeune adulte,Seul
655,0,3,"Hegarty, Miss. Hanora ""Nora""",0,18.0,0,0,365226,6.75,Q,Miss,Enfant,Seul
656,0,2,"Hickman, Mr. Leonard Mark",1,24.0,2,0,S.O.C. 14879,73.5,S,Mr,Jeune adulte,En famille
657,0,3,"Radeff, Mr. Alexander",1,28.0,0,0,349223,7.8958,S,Mr,Jeune adulte,Seul
658,0,3,"Bourke, Mrs. John (Catherine)",0,32.0,1,1,364849,15.5,Q,Mrs,Jeune adulte,En famille
659,0,2,"Eitemiller, Mr. George Floyd",1,23.0,0,0,29751,13.0,S,Mr,Jeune adulte,Seul
660,0,1,"Newell, Mr. Arthur Webster",1,58.0,0,2,35273,113.275,C,Mr,Senior,En famille
661,1,1,"Frauenthal, Dr. Henry William",1,50.0,2,0,PC 17611,133.65,S,Other,Adulte,En famille
662,0,3,"Badt, Mr. Mohamed",1,40.0,0,0,2623,7.225,C,Mr,Adulte,Seul
663,0,1,"Colley, Mr. Edward Pomeroy",1,47.0,0,0,5727,25.5875,S,Mr,Adulte,Seul
664,0,3,"Coleff, Mr. Peju",1,36.0,0,0,349210,7.4958,S,Mr,Adulte,Seul
665,1,3,"Lindqvist, Mr. Eino William",1,20.0,1,0,STON/O 2. 3101285,7.925,S,Mr,Jeune adulte,En famille
666,0,2,"Hickman, Mr. Lewis",1,32.0,2,0,S.O.C. 14879,73.5,S,Mr,Jeune adulte,En famille
667,0,2,"Butler, Mr. Reginald Fenton",1,25.0,0,0,234686,13.0,S,Mr,Jeune adulte,Seul
668,0,3,"Rommetvedt, Mr. Knud Paust",1,28.0,0,0,312993,7.775,S,Mr,Jeune adulte,Seul
669,0,3,"Cook, Mr. Jacob",1,43.0,0,0,A/5 3536,8.05,S,Mr,Adulte,Seul
670,1,1,"Taylor, Mrs. Elmer Zebley (Juliet Cummins Wright)",0,28.0,1,0,19996,52.0,S,Mrs,Jeune adulte,En famille
671,1,2,"Brown, Mrs. Thomas William Solomon (Elizabeth Catherine Ford)",0,40.0,1,1,29750,39.0,S,Mrs,Adulte,En famille
672,0,1,"Davidson, Mr. Thornton",1,31.0,1,0,F.C. 12750,52.0,S,Mr,Jeune adulte,En famille
673,0,2,"Mitchell, Mr. Henry Michael",1,70.0,0,0,C.A. 24580,10.5,S,Mr,Senior,Seul
674,1,2,"Wilhelms, Mr. Charles",1,31.0,0,0,244270,13.0,S,Mr,Jeune adulte,Seul
675,0,2,"Watson, Mr. Ennis Hastings",1,28.0,0,0,239856,0.0,S,Mr,Jeune adulte,Seul
676,0,3,"Edvardsson, Mr. Gustaf Hjalmar",1,18.0,0,0,349912,7.775,S,Mr,Enfant,Seul
677,0,3,"Sawyer, Mr. Frederick Charles",1,24.5,0,0,342826,8.05,S,Mr,Jeune adulte,Seul
678,1,3,"Turja, Miss. Anna Sofia",0,18.0,0,0,4138,9.8417,S,Miss,Enfant,Seul
679,0,3,"Goodwin, Mrs. Frederick (Augusta Tyler)",0,43.0,1,6,CA 2144,46.9,S,Mrs,Adulte,En famille
680,1,1,"Cardeza, Mr. Thomas Drake Martinez",1,36.0,0,1,PC 17755,512.3292,C,Mr,Adulte,En famille
681,0,3,"Peters, Miss. Katie",0,28.0,0,0,330935,8.1375,Q,Miss,Jeune adulte,Seul
682,1,1,"Hassab, Mr. Hammad",1,27.0,0,0,PC 17572,76.7292,C,Mr,Jeune adulte,Seul
683,0,3,"Olsvigen, Mr. Thor Anderson",1,20.0,0,0,6563,9.225,S,Mr,Jeune adulte,Seul
684,0,3,"Goodwin, Mr. Charles Edward",1,14.0,5,2,CA 2144,46.9,S,Mr,Enfant,En famille
685,0,2,"Brown, Mr. Thomas William Solomon",1,60.0,1,1,29750,39.0,S,Mr,Senior,En famille
686,0,2,"Laroche, Mr. Joseph Philippe Lemercier",1,25.0,1,2,SC/Paris 2123,41.5792,C,Mr,Jeune adulte,En famille
687,0,3,"Panula, Mr. Jaako Arnold",1,14.0,4,1,3101295,39.6875,S,Mr,Enfant,En famille
688,0,3,"Dakic, Mr. Branko",1,19.0,0,0,349228,10.1708,S,Mr,Jeune adulte,Seul
689,0,3,"Fischer, Mr. Eberhard Thelander",1,18.0,0,0,350036,7.7958,S,Mr,Enfant,Seul
690,1,1,"Madill, Miss. Georgette Alexandra",0,15.0,0,1,24160,211.3375,S,Miss,Enfant,En famille
691,1,1,"Dick, Mr. Albert Adrian",1,31.0,1,0,17474,57.0,S,Mr,Jeune adulte,En famille
692,1,3,"Karun, Miss. Manca",0,4.0,0,1,349256,13.4167,C,Miss,Enfant,En famille
693,1,3,"Lam, Mr. Ali",1,28.0,0,0,1601,56.4958,S,Mr,Jeune adulte,Seul
694,0,3,"Saad, Mr. Khalil",1,25.0,0,0,2672,7.225,C,Mr,Jeune adulte,Seul
695,0,1,"Weir, Col. John",1,60.0,0,0,113800,26.55,S,Other,Senior,Seul
696,0,2,"Chapman, Mr. Charles Henry",1,52.0,0,0,248731,13.5,S,Mr,Senior,Seul
697,0,3,"Kelly, Mr. James",1,44.0,0,0,363592,8.05,S,Mr,Adulte,Seul
698,1,3,"Mullens, Miss. Katherine ""Katie""",0,28.0,0,0,35852,7.7333,Q,Miss,Jeune adulte,Seul
699,0,1,"Thayer, Mr. John Borland",1,49.0,1,1,17421,110.8833,C,Mr,Adulte,En famille
700,0,3,"Humblen, Mr. Adolf Mathias Nicolai Olsen",1,42.0,0,0,348121,7.65,S,Mr,Adulte,Seul
701,1,1,"Astor, Mrs. John Jacob (Madeleine Talmadge Force)",0,18.0,1,0,PC 17757,227.525,C,Mrs,Enfant,En famille
702,1,1,"Silverthorne, Mr. Spencer Victor",1,35.0,0,0,PC 17475,26.2875,S,Mr,Jeune adulte,Seul
703,0,3,"Barbara, Miss. Saiide",0,18.0,0,1,2691,14.4542,C,Miss,Enfant,En famille
704,0,3,"Gallagher, Mr. Martin",1,25.0,0,0,36864,7.7417,Q,Mr,Jeune adulte,Seul
705,0,3,"Hansen, Mr. Henrik Juul",1,26.0,1,0,350025,7.8542,S,Mr,Jeune adulte,En famille
706,0,2,"Morley, Mr. Henry Samuel (""Mr Henry Marshall"")",1,39.0,0,0,250655,26.0,S,Mr,Adulte,Seul
707,1,2,"Kelly, Mrs. Florence ""Fannie""",0,45.0,0,0,223596,13.5,S,Mrs,Adulte,Seul
708,1,1,"Calderhead, Mr. Edward Pennington",1,42.0,0,0,PC 17476,26.2875,S,Mr,Adulte,Seul
709,1,1,"Cleaver, Miss. Alice",0,22.0,0,0,113781,151.55,S,Miss,Jeune adulte,Seul
710,1,3,"Moubarek, Master. Halim Gonios (""William George"")",1,28.0,1,1,2661,15.2458,C,Master,Jeune adulte,En famille
711,1,1,"Mayne, Mlle. Berthe Antonine (""Mrs de Villiers"")",0,24.0,0,0,PC 17482,49.5042,C,Miss,Jeune adulte,Seul
712,0,1,"Klaber, Mr. Herman",1,28.0,0,0,113028,26.55,S,Mr,Jeune adulte,Seul
713,1,1,"Taylor, Mr. Elmer Zebley",1,48.0,1,0,19996,52.0,S,Mr,Adulte,En famille
714,0,3,"Larsson, Mr. August Viktor",1,29.0,0,0,7545,9.4833,S,Mr,Jeune adulte,Seul
715,0,2,"Greenberg, Mr. Samuel",1,52.0,0,0,250647,13.0,S,Mr,Senior,Seul
716,0,3,"Soholt, Mr. Peter Andreas Lauritz Andersen",1,19.0,0,0,348124,7.65,S,Mr,Jeune adulte,Seul
717,1,1,"Endres, Miss. Caroline Louise",0,38.0,0,0,PC 17757,227.525,C,Miss,Adulte,Seul
718,1,2,"Troutt, Miss. Edwina Celia ""Winnie""",0,27.0,0,0,34218,10.5,S,Miss,Jeune adulte,Seul
719,0,3,"McEvoy, Mr. Michael",1,28.0,0,0,36568,15.5,Q,Mr,Jeune adulte,Seul
720,0,3,"Johnson, Mr. Malkolm Joackim",1,33.0,0,0,347062,7.775,S,Mr,Jeune adulte,Seul
721,1,2,"Harper, Miss. Annie Jessie ""Nina""",0,6.0,0,1,248727,33.0,S,Miss,Enfant,En famille
722,0,3,"Jensen, Mr. Svend Lauritz",1,17.0,1,0,350048,7.0542,S,Mr,Enfant,En famille
723,0,2,"Gillespie, Mr. William Henry",1,34.0,0,0,12233,13.0,S,Mr,Jeune adulte,Seul
724,0,2,"Hodges, Mr. Henry Price",1,50.0,0,0,250643,13.0,S,Mr,Adulte,Seul
725,1,1,"Chambers, Mr. Norman Campbell",1,27.0,1,0,113806,53.1,S,Mr,Jeune adulte,En famille
726,0,3,"Oreskovic, Mr. Luka",1,20.0,0,0,315094,8.6625,S,Mr,Jeune adulte,Seul
727,1,2,"Renouf, Mrs. Peter Henry (Lillian Jefferys)",0,30.0,3,0,31027,21.0,S,Mrs,Jeune adulte,En famille
728,1,3,"Mannion, Miss. Margareth",0,28.0,0,0,36866,7.7375,Q,Miss,Jeune adulte,Seul
729,0,2,"Bryhl, Mr. Kurt Arnold Gottfrid",1,25.0,1,0,236853,26.0,S,Mr,Jeune adulte,En famille
730,0,3,"Ilmakangas, Miss. Pieta Sofia",0,25.0,1,0,STON/O2. 3101271,7.925,S,Miss,Jeune adulte,En famille
731,1,1,"Allen, Miss. Elisabeth Walton",0,29.0,0,0,24160,211.3375,S,Miss,Jeune adulte,Seul
732,0,3,"Hassan, Mr. Houssein G N",1,11.0,0,0,2699,18.7875,C,Mr,Enfant,Seul
733,0,2,"Knight, Mr. Robert J",1,28.0,0,0,239855,0.0,S,Mr,Jeune adulte,Seul
734,0,2,"Berriman, Mr. William John",1,23.0,0,0,28425,13.0,S,Mr,Jeune adulte,Seul
735,0,2,"Troupiansky, Mr. Moses Aaron",1,23.0,0,0,233639,13.0,S,Mr,Jeune adulte,Seul
736,0,3,"Williams, Mr. Leslie",1,28.5,0,0,54636,16.1,S,Mr,Jeune adulte,Seul
737,0,3,"Ford, Mrs. Edward (Margaret Ann Watson)",0,48.0,1,3,W./C. 6608,34.375,S,Mrs,Adulte,En famille
738,1,1,"Lesurer, Mr. Gustave J",1,35.0,0,0,PC 17755,512.3292,C,Mr,Jeune adulte,Seul
739,0,3,"Ivanoff, Mr. Kanio",1,28.0,0,0,349201,7.8958,S,Mr,Jeune adulte,Seul
740,0,3,"Nankoff, Mr. Minko",1,28.0,0,0,349218,7.8958,S,Mr,Jeune adulte,Seul
741,1,1,"Hawksford, Mr. Walter James",1,28.0,0,0,16988,30.0,S,Mr,Jeune adulte,Seul
742,0,1,"Cavendish, Mr. Tyrell William",1,36.0,1,0,19877,78.85,S,Mr,Adulte,En famille
743,1,1,"Ryerson, Miss. Susan Parker ""Suzette""",0,21.0,2,2,PC 17608,262.375,C,Miss,Jeune adulte,En famille
744,0,3,"McNamee, Mr. Neal",1,24.0,1,0,376566,16.1,S,Mr,Jeune adulte,En famille
745,1,3,"Stranden, Mr. Juho",1,31.0,0,0,STON/O 2. 3101288,7.925,S,Mr,Jeune adulte,Seul
746,0,1,"Crosby, Capt. Edward Gifford",1,70.0,1,1,WE/P 5735,71.0,S,Other,Senior,En famille
747,0,3,"Abbott, Mr. Rossmore Edward",1,16.0,1,1,C.A. 2673,20.25,S,Mr,Enfant,En famille
748,1,2,"Sinkkonen, Miss. Anna",0,30.0,0,0,250648,13.0,S,Miss,Jeune adulte,Seul
749,0,1,"Marvin, Mr. Daniel Warner",1,19.0,1,0,113773,53.1,S,Mr,Jeune adulte,En famille
750,0,3,"Connaghton, Mr. Michael",1,31.0,0,0,335097,7.75,Q,Mr,Jeune adulte,Seul
751,1,2,"Wells, Miss. Joan",0,4.0,1,1,29103,23.0,S,Miss,Enfant,En famille
752,1,3,"Moor, Master. Meier",1,6.0,0,1,392096,12.475,S,Master,Enfant,En famille
753,0,3,"Vande Velde, Mr. Johannes Joseph",1,33.0,0,0,345780,9.5,S,Velde,Jeune adulte,Seul
754,0,3,"Jonkoff, Mr. Lalio",1,23.0,0,0,349204,7.8958,S,Mr,Jeune adulte,Seul
755,1,2,"Herman, Mrs. Samuel (Jane Laver)",0,48.0,1,2,220845,65.0,S,Mrs,Adulte,En famille
756,1,2,"Hamalainen, Master. Viljo",1,0.67,1,1,250649,14.5,S,Master,Enfant,En famille
757,0,3,"Carlsson, Mr. August Sigfrid",1,28.0,0,0,350042,7.7958,S,Mr,Jeune adulte,Seul
758,0,2,"Bailey, Mr. Percy Andrew",1,18.0,0,0,29108,11.5,S,Mr,Enfant,Seul
759,0,3,"Theobald, Mr. Thomas Leonard",1,34.0,0,0,363294,8.05,S,Mr,Jeune adulte,Seul
760,1,1,"Rothes, the Countess. of (Lucy Noel Martha Dyer-Edwards)",0,33.0,0,0,110152,86.5,S,the,Jeune adulte,Seul
761,0,3,"Garfirth, Mr. John",1,28.0,0,0,358585,14.5,S,Mr,Jeune adulte,Seul
762,0,3,"Nirva, Mr. Iisakki Antino Aijo",1,41.0,0,0,SOTON/O2 3101272,7.125,S,Mr,Adulte,Seul
763,1,3,"Barah, Mr. Hanna Assi",1,20.0,0,0,2663,7.2292,C,Mr,Jeune adulte,Seul
764,1,1,"Carter, Mrs. William Ernest (Lucile Polk)",0,36.0,1,2,113760,120.0,S,Mrs,Adulte,En famille
765,0,3,"Eklund, Mr. Hans Linus",1,16.0,0,0,347074,7.775,S,Mr,Enfant,Seul
766,1,1,"Hogeboom, Mrs. John C (Anna Andrews)",0,51.0,1,0,13502,77.9583,S,Mrs,Senior,En famille
767,0,1,"Brewe, Dr. Arthur Jackson",1,28.0,0,0,112379,39.6,C,Other,Jeune adulte,Seul
768,0,3,"Mangan, Miss. Mary",0,30.5,0,0,364850,7.75,Q,Miss,Jeune adulte,Seul
769,0,3,"Moran, Mr. Daniel J",1,28.0,1,0,371110,24.15,Q,Mr,Jeune adulte,En famille
770,0,3,"Gronnestad, Mr. Daniel Danielsen",1,32.0,0,0,8471,8.3625,S,Mr,Jeune adulte,Seul
771,0,3,"Lievens, Mr. Rene Aime",1,24.0,0,0,345781,9.5,S,Mr,Jeune adulte,Seul
772,0,3,"Jensen, Mr. Niels Peder",1,48.0,0,0,350047,7.8542,S,Mr,Adulte,Seul
773,0,2,"Mack, Mrs. (Mary)",0,57.0,0,0,S.O./P.P. 3,10.5,S,Mrs,Senior,Seul
774,0,3,"Elias, Mr. Dibo",1,28.0,0,0,2674,7.225,C,Mr,Jeune adulte,Seul
775,1,2,"Hocking, Mrs. Elizabeth (Eliza Needs)",0,54.0,1,3,29105,23.0,S,Mrs,Senior,En famille
776,0,3,"Myhrman, Mr. Pehr Fabian Oliver Malkolm",1,18.0,0,0,347078,7.75,S,Mr,Enfant,Seul
777,0,3,"Tobin, Mr. Roger",1,28.0,0,0,383121,7.75,Q,Mr,Jeune adulte,Seul
778,1,3,"Emanuel, Miss. Virginia Ethel",0,5.0,0,0,364516,12.475,S,Miss,Enfant,Seul
779,0,3,"Kilgannon, Mr. Thomas J",1,28.0,0,0,36865,7.7375,Q,Mr,Jeune adulte,Seul
780,1,1,"Robert, Mrs. Edward Scott (Elisabeth Walton McMillan)",0,43.0,0,1,24160,211.3375,S,Mrs,Adulte,En famille
781,1,3,"Ayoub, Miss. Banoura",0,13.0,0,0,2687,7.2292,C,Miss,Enfant,Seul
782,1,1,"Dick, Mrs. Albert Adrian (Vera Gillespie)",0,17.0,1,0,17474,57.0,S,Mrs,Enfant,En famille
783,0,1,"Long, Mr. Milton Clyde",1,29.0,0,0,113501,30.0,S,Mr,Jeune adulte,Seul
784,0,3,"Johnston, Mr. Andrew G",1,28.0,1,2,W./C. 6607,23.45,S,Mr,Jeune adulte,En famille
785,0,3,"Ali, Mr. William",1,25.0,0,0,SOTON/O.Q. 3101312,7.05,S,Mr,Jeune adulte,Seul
786,0,3,"Harmer, Mr. Abraham (David Lishin)",1,25.0,0,0,374887,7.25,S,Mr,Jeune adulte,Seul
787,1,3,"Sjoblom, Miss. Anna Sofia",0,18.0,0,0,3101265,7.4958,S,Miss,Enfant,Seul
788,0,3,"Rice, Master. George Hugh",1,8.0,4,1,382652,29.125,Q,Master,Enfant,En famille
789,1,3,"Dean, Master. Bertram Vere",1,1.0,1,2,C.A. 2315,20.575,S,Master,Enfant,En famille
790,0,1,"Guggenheim, Mr. Benjamin",1,46.0,0,0,PC 17593,79.2,C,Mr,Adulte,Seul
791,0,3,"Keane, Mr. Andrew ""Andy""",1,28.0,0,0,12460,7.75,Q,Mr,Jeune adulte,Seul
792,0,2,"Gaskell, Mr. Alfred",1,16.0,0,0,239865,26.0,S,Mr,Enfant,Seul
793,0,3,"Sage, Miss. Stella Anna",0,28.0,8,2,CA. 2343,69.55,S,Miss,Jeune adulte,En famille
794,0,1,"Hoyt, Mr. William Fisher",1,28.0,0,0,PC 17600,30.6958,C,Mr,Jeune adulte,Seul
795,0,3,"Dantcheff, Mr. Ristiu",1,25.0,0,0,349203,7.8958,S,Mr,Jeune adulte,Seul
796,0,2,"Otter, Mr. Richard",1,39.0,0,0,28213,13.0,S,Mr,Adulte,Seul
797,1,1,"Leader, Dr. Alice (Farnham)",0,49.0,0,0,17465,25.9292,S,Other,Adulte,Seul
798,1,3,"Osman, Mrs. Mara",0,31.0,0,0,349244,8.6833,S,Mrs,Jeune adulte,Seul
799,0,3,"Ibrahim Shawah, Mr. Yousseff",1,30.0,0,0,2685,7.2292,C,Shawah,Jeune adulte,Seul
800,0,3,"Van Impe, Mrs. Jean Baptiste (Rosalie Paula Govaert)",0,30.0,1,1,345773,24.15,S,Impe,Jeune adulte,En famille
801,0,2,"Ponesell, Mr. Martin",1,34.0,0,0,250647,13.0,S,Mr,Jeune adulte,Seul
802,1,2,"Collyer, Mrs. Harvey (Charlotte Annie Tate)",0,31.0,1,1,C.A. 31921,26.25,S,Mrs,Jeune adulte,En famille
803,1,1,"Carter, Master. William Thornton II",1,11.0,1,2,113760,120.0,S,Master,Enfant,En famille
804,1,3,"Thomas, Master. Assad Alexander",1,0.42,0,1,2625,8.5167,C,Master,Enfant,En famille
805,1,3,"Hedman, Mr. Oskar Arvid",1,27.0,0,0,347089,6.975,S,Mr,Jeune adulte,Seul
806,0,3,"Johansson, Mr. Karl Johan",1,31.0,0,0,347063,7.775,S,Mr,Jeune adulte,Seul
807,0,1,"Andrews, Mr. Thomas Jr",1,39.0,0,0,112050,0.0,S,Mr,Adulte,Seul
808,0,3,"Pettersson, Miss. Ellen Natalia",0,18.0,0,0,347087,7.775,S,Miss,Enfant,Seul
809,0,2,"Meyer, Mr. August",1,39.0,0,0,248723,13.0,S,Mr,Adulte,Seul
810,1,1,"Chambers, Mrs. Norman Campbell (Bertha Griggs)",0,33.0,1,0,113806,53.1,S,Mrs,Jeune adulte,En famille
811,0,3,"Alexander, Mr. William",1,26.0,0,0,3474,7.8875,S,Mr,Jeune adulte,Seul
812,0,3,"Lester, Mr. James",1,39.0,0,0,A/4 48871,24.15,S,Mr,Adulte,Seul
813,0,2,"Slemen, Mr. Richard James",1,35.0,0,0,28206,10.5,S,Mr,Jeune adulte,Seul
814,0,3,"Andersson, Miss. Ebba Iris Alfrida",0,6.0,4,2,347082,31.275,S,Miss,Enfant,En famille
815,0,3,"Tomlin, Mr. Ernest Portage",1,30.5,0,0,364499,8.05,S,Mr,Jeune adulte,Seul
816,0,1,"Fry, Mr. Richard",1,28.0,0,0,112058,0.0,S,Mr,Jeune adulte,Seul
817,0,3,"Heininen, Miss. Wendla Maria",0,23.0,0,0,STON/O2. 3101290,7.925,S,Miss,Jeune adulte,Seul
818,0,2,"Mallet, Mr. Albert",1,31.0,1,1,S.C./PARIS 2079,37.0042,C,Mr,Jeune adulte,En famille
819,0,3,"Holm, Mr. John Fredrik Alexander",1,43.0,0,0,C 7075,6.45,S,Mr,Adulte,Seul
820,0,3,"Skoog, Master. Karl Thorsten",1,10.0,3,2,347088,27.9,S,Master,Enfant,En famille
821,1,1,"Hays, Mrs. Charles Melville (Clara Jennings Gregg)",0,52.0,1,1,12749,93.5,S,Mrs,Senior,En famille
822,1,3,"Lulic, Mr. Nikola",1,27.0,0,0,315098,8.6625,S,Mr,Jeune adulte,Seul
823,0,1,"Reuchlin, Jonkheer. John George",1,38.0,0,0,19972,0.0,S,Other,Adulte,Seul
824,1,3,"Moor, Mrs. (Beila)",0,27.0,0,1,392096,12.475,S,Mrs,Jeune adulte,En famille
825,0,3,"Panula, Master. Urho Abraham",1,2.0,4,1,3101295,39.6875,S,Master,Enfant,En famille
826,0,3,"Flynn, Mr. John",1,28.0,0,0,368323,6.95,Q,Mr,Jeune adulte,Seul
827,0,3,"Lam, Mr. Len",1,28.0,0,0,1601,56.4958,S,Mr,Jeune adulte,Seul
828,1,2,"Mallet, Master. Andre",1,1.0,0,2,S.C./PARIS 2079,37.0042,C,Master,Enfant,En famille
829,1,3,"McCormack, Mr. Thomas Joseph",1,28.0,0,0,367228,7.75,Q,Mr,Jeune adulte,Seul
830,1,1,"Stone, Mrs. George Nelson (Martha Evelyn)",0,62.0,0,0,113572,80.0,S,Mrs,Senior,Seul
831,1,3,"Yasbeck, Mrs. Antoni (Selini Alexander)",0,15.0,1,0,2659,14.4542,C,Mrs,Enfant,En famille
832,1,2,"Richards, Master. George Sibley",1,0.83,1,1,29106,18.75,S,Master,Enfant,En famille
833,0,3,"Saad, Mr. Amin",1,28.0,0,0,2671,7.2292,C,Mr,Jeune adulte,Seul
834,0,3,"Augustsson, Mr. Albert",1,23.0,0,0,347468,7.8542,S,Mr,Jeune adulte,Seul
835,0,3,"Allum, Mr. Owen George",1,18.0,0,0,2223,8.3,S,Mr,Enfant,Seul
836,1,1,"Compton, Miss. Sara Rebecca",0,39.0,1,1,PC 17756,83.1583,C,Miss,Adulte,En famille
837,0,3,"Pasic, Mr. Jakob",1,21.0,0,0,315097,8.6625,S,Mr,Jeune adulte,Seul
838,0,3,"Sirota, Mr. Maurice",1,28.0,0,0,392092,8.05,S,Mr,Jeune adulte,Seul
839,1,3,"Chip, Mr. Chang",1,32.0,0,0,1601,56.4958,S,Mr,Jeune adulte,Seul
840,1,1,"Marechal, Mr. Pierre",1,28.0,0,0,11774,29.7,C,Mr,Jeune adulte,Seul
841,0,3,"Alhomaki, Mr. Ilmari Rudolf",1,20.0,0,0,SOTON/O2 3101287,7.925,S,Mr,Jeune adulte,Seul
842,0,2,"Mudd, Mr. Thomas Charles",1,16.0,0,0,S.O./P.P. 3,10.5,S,Mr,Enfant,Seul
843,1,1,"Serepeca, Miss. Augusta",0,30.0,0,0,113798,31.0,C,Miss,Jeune adulte,Seul
844,0,3,"Lemberopolous, Mr. Peter L",1,34.5,0,0,2683,6.4375,C,Mr,Jeune adulte,Seul
845,0,3,"Culumovic, Mr. Jeso",1,17.0,0,0,315090,8.6625,S,Mr,Enfant,Seul
846,0,3,"Abbing, Mr. Anthony",1,42.0,0,0,C.A. 5547,7.55,S,Mr,Adulte,Seul
847,0,3,"Sage, Mr. Douglas Bullen",1,28.0,8,2,CA. 2343,69.55,S,Mr,Jeune adulte,En famille
848,0,3,"Markoff, Mr. Marin",1,35.0,0,0,349213,7.8958,C,Mr,Jeune adulte,Seul
849,0,2,"Harper, Rev. John",1,28.0,0,1,248727,33.0,S,Other,Jeune adulte,En famille
850,1,1,"Goldenberg, Mrs. Samuel L (Edwiga Grabowska)",0,28.0,1,0,17453,89.1042,C,Mrs,Jeune adulte,En famille
851,0,3,"Andersson, Master. Sigvard Harald Elias",1,4.0,4,2,347082,31.275,S,Master,Enfant,En famille
852,0,3,"Svensson, Mr. Johan",1,74.0,0,0,347060,7.775,S,Mr,Senior,Seul
853,0,3,"Boulos, Miss. Nourelain",0,9.0,1,1,2678,15.2458,C,Miss,Enfant,En famille
854,1,1,"Lines, Miss. Mary Conover",0,16.0,0,1,PC 17592,39.4,S,Miss,Enfant,En famille
855,0,2,"Carter, Mrs. Ernest Courtenay (Lilian Hughes)",0,44.0,1,0,244252,26.0,S,Mrs,Adulte,En famille
856,1,3,"Aks, Mrs. Sam (Leah Rosen)",0,18.0,0,1,392091,9.35,S,Mrs,Enfant,En famille
857,1,1,"Wick, Mrs. George Dennick (Mary Hitchcock)",0,45.0,1,1,36928,164.8667,S,Mrs,Adulte,En famille
858,1,1,"Daly, Mr. Peter Denis ",1,51.0,0,0,113055,26.55,S,Mr,Senior,Seul
859,1,3,"Baclini, Mrs. Solomon (Latifa Qurban)",0,24.0,0,3,2666,19.2583,C,Mrs,Jeune adulte,En famille
860,0,3,"Razi, Mr. Raihed",1,28.0,0,0,2629,7.2292,C,Mr,Jeune adulte,Seul
861,0,3,"Hansen, Mr. Claus Peter",1,41.0,2,0,350026,14.1083,S,Mr,Adulte,En famille
862,0,2,"Giles, Mr. Frederick Edward",1,21.0,1,0,28134,11.5,S,Mr,Jeune adulte,En famille
863,1,1,"Swift, Mrs. Frederick Joel (Margaret Welles Barron)",0,48.0,0,0,17466,25.9292,S,Mrs,Adulte,Seul
864,0,3,"Sage, Miss. Dorothy Edith ""Dolly""",0,28.0,8,2,CA. 2343,69.55,S,Miss,Jeune adulte,En famille
865,0,2,"Gill, Mr. John William",1,24.0,0,0,233866,13.0,S,Mr,Jeune adulte,Seul
866,1,2,"Bystrom, Mrs. (Karolina)",0,42.0,0,0,236852,13.0,S,Mrs,Adulte,Seul
867,1,2,"Duran y More, Miss. Asuncion",0,27.0,1,0,SC/PARIS 2149,13.8583,C,y,Jeune adulte,En famille
868,0,1,"Roebling, Mr. Washington Augustus II",1,31.0,0,0,PC 17590,50.4958,S,Mr,Jeune adulte,Seul
869,0,3,"van Melkebeke, Mr. Philemon",1,28.0,0,0,345777,9.5,S,Melkebeke,Jeune adulte,Seul
870,1,3,"Johnson, Master. Harold Theodor",1,4.0,1,1,347742,11.1333,S,Master,Enfant,En famille
871,0,3,"Balkic, Mr. Cerin",1,26.0,0,0,349248,7.8958,S,Mr,Jeune adulte,Seul
872,1,1,"Beckwith, Mrs. Richard Leonard (Sallie Monypeny)",0,47.0,1,1,11751,52.5542,S,Mrs,Adulte,En famille
873,0,1,"Carlsson, Mr. Frans Olof",1,33.0,0,0,695,5.0,S,Mr,Jeune adulte,Seul
874,0,3,"Vander Cruyssen, Mr. Victor",1,47.0,0,0,345765,9.0,S,Cruyssen,Adulte,Seul
875,1,2,"Abelson, Mrs. Samuel (Hannah Wizosky)",0,28.0,1,0,P/PP 3381,24.0,C,Mrs,Jeune adulte,En famille
876,1,3,"Najib, Miss. Adele Kiamie ""Jane""",0,15.0,0,0,2667,7.225,C,Miss,Enfant,Seul
877,0,3,"Gustafsson, Mr. Alfred Ossian",1,20.0,0,0,7534,9.8458,S,Mr,Jeune adulte,Seul
878,0,3,"Petroff, Mr. Nedelio",1,19.0,0,0,349212,7.8958,S,Mr,Jeune adulte,Seul
879,0,3,"Laleff, Mr. Kristo",1,28.0,0,0,349217,7.8958,S,Mr,Jeune adulte,Seul
880,1,1,"Potter, Mrs. Thomas Jr (Lily Alexenia Wilson)",0,56.0,0,1,11767,83.1583,C,Mrs,Senior,En famille
881,1,2,"Shelley, Mrs. William (Imanita Parrish Hall)",0,25.0,0,1,230433,26.0,S,Mrs,Jeune adulte,En famille
882,0,3,"Markun, Mr. Johann",1,33.0,0,0,349257,7.8958,S,Mr,Jeune adulte,Seul
883,0,3,"Dahlberg, Miss. Gerda Ulrika",0,22.0,0,0,7552,10.5167,S,Miss,Jeune adulte,Seul
884,0,2,"Banfield, Mr. Frederick James",1,28.0,0,0,C.A./SOTON 34068,10.5,S,Mr,Jeune adulte,Seul
885,0,3,"Sutehall, Mr. Henry Jr",1,25.0,0,0,SOTON/OQ 392076,7.05,S,Mr,Jeune adulte,Seul
886,0,3,"Rice, Mrs. William (Margaret Norton)",0,39.0,0,5,382652,29.125,Q,Mrs,Adulte,En famille
887,0,2,"Montvila, Rev. Juozas",1,27.0,0,0,211536,13.0,S,Other,Jeune adulte,Seul
888,1,1,"Graham, Miss. Margaret Edith",0,19.0,0,0,112053,30.0,S,Miss,Jeune adulte,Seul
889,0,3,"Johnston, Miss. Catherine Helen ""Carrie""",0,28.0,1,2,W./C. 6607,23.45,S,Miss,Jeune adulte,En famille
890,1,1,"Behr, Mr. Karl Howell",1,26.0,0,0,111369,30.0,C,Mr,Jeune adulte,Seul
891,0,3,"Dooley, Mr. Patrick",1,32.0,0,0,370376,7.75,Q,Mr,Jeune adulte,Seul
